year,sex,name,ranking
1904,M,WILLIAM,1
1904,M,JOHN,2
1904,M,GEORGE,3
1904,M,THOMAS,4
1904,M,ARTHUR,5
1904,M,JAMES,6
1904,M,CHARLES,7
1904,M,FREDERICK,8
1904,M,ALBERT,9
1904,M,ERNEST,10
1904,M,ALFRED,11
1904,M,EDWARD,12
1904,M,JOSEPH,13
1904,M,HAROLD,14
1904,M,ROBERT,15
1904,M,FRANK,16
1904,M,HENRY,17
1904,M,HARRY,18
1904,M,WALTER,19
1904,M,REGINALD,20
1904,M,HERBERT,21
1904,M,LEONARD,22
1904,M,STANLEY,23
1904,M,LESLIE,24
1904,M,RICHARD,25
1904,M,CYRIL,26
1904,M,SIDNEY,27
1904,M,FRANCIS,28
1904,M,PERCY,29
1904,M,DAVID,30
1904,M,WILFRED,31
1904,M,SAMUEL,32
1904,M,NORMAN,33
1904,M,CECIL,34
1904,M,ERIC,35
1904,M,SYDNEY,36
1904,M,HORACE,37
1904,M,FRED,38
1904,M,JACK,39
1904,M,EDWIN,40
1904,M,RONALD,41
1904,M,ALEXANDER,42
1904,M,CLIFFORD,43
1904,M,PATRICK,44
1904,M,BERNARD,45
1904,M,MICHAEL,46
1904,M,VICTOR,47
1904,M,PHILIP,48
1904,M,EDGAR,49
1904,M,MAURICE,50
1904,M,DONALD,51
1904,M,KENNETH,52
1904,M,BENJAMIN,53
1904,M,DOUGLAS,54
1904,M,HUGH,55
1904,M,LAWRENCE,56
1904,M,DANIEL,57
1904,M,GEOFFREY,58
1904,M,PETER,59
1904,M,ARCHIBALD,60
1904,M,CHRISTOPHER,61
1904,M,ALAN,62
1904,M,TOM,63
1904,M,GILBERT,64
1904,M,HUBERT,65
1904,M,RALPH,66
1904,M,STEPHEN,67
1904,M,GERALD,68
1904,M,BERTIE,69
1904,M,LEWIS,70
1904,M,ANDREW,71
1904,M,PERCIVAL,72
1904,M,RAYMOND,73
1904,M,BERTRAM,74
1904,M,ARNOLD,75
1904,M,EDMUND,76
1904,M,CLARENCE,77
1904,M,LOUIS,78
1904,M,IVOR,79
1904,M,ROLAND,80
1904,M,MARK,81
1904,M,GORDON,82
1904,M,CLAUDE,83
1904,M,MATTHEW,84
1904,M,MARTIN,85
1904,M,LIONEL,86
1904,M,DENNIS,87
1904,M,EVAN,88
1904,M,HECTOR,89
1904,M,ALEC,90
1904,M,ANTHONY,91
1904,M,ALLAN,92
1904,M,OLIVER,93
1904,M,OWEN,94
1904,M,HOWARD,95
1904,M,COLIN,96
1904,M,MORRIS,97
1904,M,DENIS,98
1904,M,LAURENCE,99
1904,M,JESSE,100
1904,F,MARY,1
1904,F,FLORENCE,2
1904,F,DORIS,3
1904,F,EDITH,4
1904,F,DOROTHY,5
1904,F,ANNIE,6
1904,F,MARGARET,7
1904,F,ALICE,8
1904,F,ELIZABETH,9
1904,F,ELSIE,10
1904,F,GLADYS,11
1904,F,WINIFRED,12
1904,F,ETHEL,13
1904,F,HILDA,14
1904,F,LILIAN,15
1904,F,IVY,16
1904,F,VIOLET,17
1904,F,KATHLEEN,18
1904,F,ELLEN,19
1904,F,LILY,20
1904,F,SARAH,21
1904,F,NELLIE,22
1904,F,EMILY,23
1904,F,MABEL,24
1904,F,ADA,25
1904,F,BEATRICE,26
1904,F,MARJORIE,27
1904,F,MAY,28
1904,F,ROSE,29
1904,F,OLIVE,30
1904,F,EVELYN,31
1904,F,PHYLLIS,32
1904,F,GERTRUDE,33
1904,F,CATHERINE,34
1904,F,AGNES,35
1904,F,JESSIE,36
1904,F,FRANCES,37
1904,F,GRACE,38
1904,F,IRENE,39
1904,F,EVA,40
1904,F,CONSTANCE,41
1904,F,EDNA,42
1904,F,JANE,43
1904,F,AMY,44
1904,F,VERA,45
1904,F,MURIEL,46
1904,F,DAISY,47
1904,F,MINNIE,48
1904,F,MAUD,49
1904,F,LUCY,50
1904,F,EMMA,51
1904,F,ELEANOR,52
1904,F,LOUISA,53
1904,F,DORA,54
1904,F,NORA,55
1904,F,GWENDOLINE,56
1904,F,HELEN,57
1904,F,IDA,58
1904,F,CLARA,59
1904,F,HANNAH,60
1904,F,ANNE,61
1904,F,NORAH,62
1904,F,KATE,63
1904,F,MARTHA,64
1904,F,BERTHA,65
1904,F,LILLIAN,66
1904,F,ANN,67
1904,F,MARION,68
1904,F,BESSIE,69
1904,F,EILEEN,70
1904,F,LAURA,71
1904,F,MILDRED,72
1904,F,RUTH,73
1904,F,ISABELLA,74
1904,F,CHARLOTTE,75
1904,F,ESTHER,76
1904,F,RUBY,77
1904,F,HARRIET,78
1904,F,MARIE,79
1904,F,MARIA,80
1904,F,CAROLINE,81
1904,F,BARBARA,82
1904,F,ELIZA,83
1904,F,ROSINA,84
1904,F,AMELIA,85
1904,F,FREDA,86
1904,F,MILLICENT,87
1904,F,JANET,88
1904,F,FANNY,89
1904,F,JOAN,90
1904,F,LYDIA,91
1904,F,IRIS,92
1904,F,BLANCHE,93
1904,F,MIRIAM,94
1904,F,JEAN,95
1904,F,RACHEL,96
1904,F,ELLA,97
1904,F,MARGERY,98
1904,F,CHRISTINA,99
1904,F,NANCY,100
1914,M,JOHN,1
1914,M,WILLIAM,2
1914,M,GEORGE,3
1914,M,THOMAS,4
1914,M,JAMES,5
1914,M,ARTHUR,6
1914,M,FREDERICK,7
1914,M,ALBERT,8
1914,M,CHARLES,9
1914,M,ROBERT,10
1914,M,EDWARD,11
1914,M,JOSEPH,12
1914,M,ERNEST,13
1914,M,ALFRED,14
1914,M,FRANK,15
1914,M,HENRY,16
1914,M,LESLIE,17
1914,M,HAROLD,18
1914,M,HARRY,19
1914,M,LEONARD,20
1914,M,RONALD,21
1914,M,STANLEY,22
1914,M,WALTER,23
1914,M,REGINALD,24
1914,M,HERBERT,25
1914,M,RICHARD,26
1914,M,ERIC,27
1914,M,NORMAN,28
1914,M,CYRIL,29
1914,M,JACK,30
1914,M,SIDNEY,31
1914,M,DAVID,32
1914,M,KENNETH,33
1914,M,FRANCIS,34
1914,M,WILFRED,35
1914,M,SAMUEL,36
1914,M,SYDNEY,37
1914,M,PATRICK,38
1914,M,MICHAEL,39
1914,M,BERNARD,40
1914,M,DONALD,41
1914,M,PETER,42
1914,M,HORACE,43
1914,M,PERCY,44
1914,M,CLIFFORD,45
1914,M,CECIL,46
1914,M,FRED,47
1914,M,MAURICE,48
1914,M,VICTOR,49
1914,M,EDWIN,50
1914,M,RAYMOND,51
1914,M,PHILIP,52
1914,M,ALEXANDER,53
1914,M,GORDON,54
1914,M,GEOFFREY,55
1914,M,DENNIS,56
1914,M,DOUGLAS,57
1914,M,ALAN,58
1914,M,DANIEL,59
1914,M,RALPH,60
1914,M,HUGH,61
1914,M,LAWRENCE,62
1914,M,BENJAMIN,63
1914,M,ROY,64
1914,M,EDGAR,65
1914,M,CHRISTOPHER,66
1914,M,ANDREW,67
1914,M,STEPHEN,68
1914,M,DENIS,69
1914,M,GERALD,70
1914,M,HUBERT,71
1914,M,GILBERT,72
1914,M,IVOR,73
1914,M,TOM,74
1914,M,ARNOLD,75
1914,M,ANTHONY,76
1914,M,BERTRAM,77
1914,M,LEWIS,78
1914,M,LOUIS,79
1914,M,EDMUND,80
1914,M,LIONEL,81
1914,M,COLIN,82
1914,M,ROLAND,83
1914,M,ALEC,84
1914,M,MATTHEW,85
1914,M,MARTIN,86
1914,M,LAURENCE,87
1914,M,ARCHIBALD,88
1914,M,ALLAN,89
1914,M,CLARENCE,90
1914,M,VINCENT,91
1914,M,BASIL,92
1914,M,PAUL,93
1914,M,PERCIVAL,94
1914,M,HOWARD,95
1914,M,EVAN,96
1914,M,CLAUDE,97
1914,M,OWEN,98
1914,M,PHILLIP,99
1914,M,TREVOR,100
1914,F,MARY,1
1914,F,MARGARET,2
1914,F,DORIS,3
1914,F,DOROTHY,4
1914,F,KATHLEEN,5
1914,F,FLORENCE,6
1914,F,ELSIE,7
1914,F,EDITH,8
1914,F,ELIZABETH,9
1914,F,WINIFRED,10
1914,F,GLADYS,11
1914,F,ANNIE,12
1914,F,ALICE,13
1914,F,PHYLLIS,14
1914,F,HILDA,15
1914,F,LILIAN,16
1914,F,IVY,17
1914,F,MARJORIE,18
1914,F,ETHEL,19
1914,F,VIOLET,20
1914,F,IRENE,21
1914,F,EDNA,22
1914,F,VERA,23
1914,F,ELLEN,24
1914,F,LILY,25
1914,F,OLIVE,26
1914,F,EILEEN,27
1914,F,EVELYN,28
1914,F,JOAN,29
1914,F,ROSE,30
1914,F,SARAH,31
1914,F,NELLIE,32
1914,F,BEATRICE,33
1914,F,MABEL,34
1914,F,MAY,35
1914,F,CATHERINE,36
1914,F,FRANCES,37
1914,F,EMILY,38
1914,F,ADA,39
1914,F,JESSIE,40
1914,F,MURIEL,41
1914,F,GRACE,42
1914,F,AGNES,43
1914,F,CONSTANCE,44
1914,F,GWENDOLINE,45
1914,F,GERTRUDE,46
1914,F,NORA,47
1914,F,EVA,48
1914,F,JOYCE,49
1914,F,NANCY,50
1914,F,JANE,51
1914,F,FREDA,52
1914,F,BARBARA,53
1914,F,DAISY,54
1914,F,ANNE,55
1914,F,NORAH,56
1914,F,AMY,57
1914,F,IRIS,58
1914,F,DORA,59
1914,F,HELEN,60
1914,F,LUCY,61
1914,F,RUTH,62
1914,F,MARION,63
1914,F,MAUD,64
1914,F,BETTY,65
1914,F,MINNIE,66
1914,F,ELEANOR,67
1914,F,RUBY,68
1914,F,IDA,69
1914,F,HANNAH,70
1914,F,LILLIAN,71
1914,F,ANN,72
1914,F,LOUISA,73
1914,F,BESSIE,74
1914,F,JEAN,75
1914,F,CLARA,76
1914,F,MARIE,77
1914,F,DOREEN,78
1914,F,EMMA,79
1914,F,MILDRED,80
1914,F,ISABELLA,81
1914,F,SYLVIA,82
1914,F,ESTHER,83
1914,F,MARTHA,84
1914,F,BERTHA,85
1914,F,AUDREY,86
1914,F,LAURA,87
1914,F,MARGERY,88
1914,F,ROSINA,89
1914,F,MARIA,90
1914,F,JANET,91
1914,F,BRIDGET,92
1914,F,BERYL,93
1914,F,ENID,94
1914,F,JOSEPHINE,95
1914,F,CHARLOTTE,96
1914,F,KATE,97
1914,F,AMELIA,98
1914,F,PATRICIA,99
1914,F,MILLICENT,100
1924,M,JOHN,1
1924,M,WILLIAM,2
1924,M,GEORGE,3
1924,M,JAMES,4
1924,M,THOMAS,5
1924,M,RONALD,6
1924,M,KENNETH,7
1924,M,ROBERT,8
1924,M,ARTHUR,9
1924,M,FREDERICK,10
1924,M,PETER,11
1924,M,EDWARD,12
1924,M,ALBERT,13
1924,M,CHARLES,14
1924,M,LESLIE,15
1924,M,JOSEPH,16
1924,M,STANLEY,17
1924,M,ERIC,18
1924,M,FRANK,19
1924,M,DENNIS,20
1924,M,DAVID,21
1924,M,NORMAN,22
1924,M,ERNEST,23
1924,M,HENRY,24
1924,M,LEONARD,25
1924,M,HAROLD,26
1924,M,ALFRED,27
1924,M,RAYMOND,28
1924,M,DONALD,29
1924,M,HARRY,30
1924,M,REGINALD,31
1924,M,RICHARD,32
1924,M,JACK,33
1924,M,WALTER,34
1924,M,CYRIL,35
1924,M,GEOFFREY,36
1924,M,ALAN,37
1924,M,DOUGLAS,38
1924,M,GORDON,39
1924,M,MICHAEL,40
1924,M,ROY,41
1924,M,BERNARD,42
1924,M,FRANCIS,43
1924,M,PATRICK,44
1924,M,SIDNEY,45
1924,M,HERBERT,46
1924,M,MAURICE,47
1924,M,CLIFFORD,48
1924,M,ANTHONY,49
1924,M,VICTOR,50
1924,M,GERALD,51
1924,M,DEREK,52
1924,M,PHILIP,53
1924,M,ALEXANDER,54
1924,M,WILFRED,55
1924,M,EDWIN,56
1924,M,SAMUEL,57
1924,M,DENIS,58
1924,M,SYDNEY,59
1924,M,CECIL,60
1924,M,COLIN,61
1924,M,LAWRENCE,62
1924,M,FRED,63
1924,M,RALPH,64
1924,M,DESMOND,65
1924,M,BRIAN,66
1924,M,PERCY,67
1924,M,TERENCE,68
1924,M,CHRISTOPHER,69
1924,M,HORACE,70
1924,M,HUGH,71
1924,M,DANIEL,72
1924,M,ANDREW,73
1924,M,DERRICK,74
1924,M,ALLAN,75
1924,M,STEPHEN,76
1924,M,IVOR,77
1924,M,VINCENT,78
1924,M,TREVOR,79
1924,M,BASIL,80
1924,M,ARNOLD,81
1924,M,ROLAND,82
1924,M,BENJAMIN,83
1924,M,EDGAR,84
1924,M,IAN,85
1924,M,KEITH,86
1924,M,HUBERT,87
1924,M,PAUL,88
1924,M,MARTIN,89
1924,M,LIONEL,90
1924,M,MOHAMMED,91
1924,M,GRAHAM,92
1924,M,HOWARD,93
1924,M,ALEC,94
1924,M,GILBERT,95
1924,M,EDMUND,96
1924,M,IVAN,97
1924,M,LEWIS,98
1924,M,OWEN,99
1924,M,LAURENCE,100
1924,F,MARGARET,1
1924,F,MARY,2
1924,F,JOAN,3
1924,F,JOYCE,4
1924,F,DOROTHY,5
1924,F,KATHLEEN,6
1924,F,DORIS,7
1924,F,IRENE,8
1924,F,ELIZABETH,9
1924,F,EILEEN,10
1924,F,BETTY,11
1924,F,JEAN,12
1924,F,MARJORIE,13
1924,F,GLADYS,14
1924,F,DOREEN,15
1924,F,VERA,16
1924,F,ELSIE,17
1924,F,BARBARA,18
1924,F,WINIFRED,19
1924,F,EDNA,20
1924,F,AUDREY,21
1924,F,EDITH,22
1924,F,FLORENCE,23
1924,F,PHYLLIS,24
1924,F,LILIAN,25
1924,F,HILDA,26
1924,F,OLIVE,27
1924,F,ANNIE,28
1924,F,VIOLET,29
1924,F,ALICE,30
1924,F,PATRICIA,31
1924,F,IVY,32
1924,F,MURIEL,33
1924,F,IRIS,34
1924,F,EVELYN,35
1924,F,PEGGY,36
1924,F,CATHERINE,37
1924,F,ETHEL,38
1924,F,BERYL,39
1924,F,GWENDOLINE,40
1924,F,ELLEN,41
1924,F,SYLVIA,42
1924,F,SHEILA,43
1924,F,ROSE,44
1924,F,CONSTANCE,45
1924,F,FRANCES,46
1924,F,LILY,47
1924,F,FREDA,48
1924,F,MARION,49
1924,F,NANCY,50
1924,F,GRACE,51
1924,F,BEATRICE,52
1924,F,SARAH,53
1924,F,AGNES,54
1924,F,RUTH,55
1924,F,MAY,56
1924,F,NORA,57
1924,F,BRENDA,58
1924,F,JESSIE,59
1924,F,PAMELA,60
1924,F,ANNE,61
1924,F,HELEN,62
1924,F,MARIE,63
1924,F,MABEL,64
1924,F,EVA,65
1924,F,MARIA,66
1924,F,RUBY,67
1924,F,NELLIE,68
1924,F,HAZEL,69
1924,F,EMILY,70
1924,F,JOSEPHINE,71
1924,F,DAPHNE,72
1924,F,JANE,73
1924,F,ADA,74
1924,F,PAULINE,75
1924,F,ANN,76
1924,F,ENID,77
1924,F,GERTRUDE,78
1924,F,RITA,79
1924,F,JUNE,80
1924,F,STELLA,81
1924,F,NORAH,82
1924,F,MAVIS,83
1924,F,THELMA,84
1924,F,MILDRED,85
1924,F,BRIDGET,86
1924,F,MONICA,87
1924,F,DAISY,88
1924,F,ELEANOR,89
1924,F,LILLIAN,90
1924,F,ALMA,91
1924,F,LUCY,92
1924,F,DORA,93
1924,F,CHRISTINE,94
1924,F,MAUREEN,95
1924,F,JANET,96
1924,F,ROSEMARY,97
1924,F,HANNAH,98
1924,F,SYBIL,99
1924,F,AMY,100
1934,M,JOHN,1
1934,M,PETER,2
1934,M,WILLIAM,3
1934,M,BRIAN,4
1934,M,DAVID,5
1934,M,JAMES,6
1934,M,MICHAEL,7
1934,M,RONALD,8
1934,M,KENNETH,9
1934,M,GEORGE,10
1934,M,ROBERT,11
1934,M,THOMAS,12
1934,M,ALAN,13
1934,M,DEREK,14
1934,M,RAYMOND,15
1934,M,ANTHONY,16
1934,M,ROY,17
1934,M,DONALD,18
1934,M,DENNIS,19
1934,M,EDWARD,20
1934,M,GORDON,21
1934,M,TERENCE,22
1934,M,JOSEPH,23
1934,M,FREDERICK,24
1934,M,ARTHUR,25
1934,M,COLIN,26
1934,M,ERIC,27
1934,M,RICHARD,28
1934,M,CHARLES,29
1934,M,NORMAN,30
1934,M,LESLIE,31
1934,M,PATRICK,32
1934,M,GEOFFREY,33
1934,M,FRANK,34
1934,M,ALBERT,35
1934,M,KEITH,36
1934,M,LEONARD,37
1934,M,BERNARD,38
1934,M,STANLEY,39
1934,M,GERALD,40
1934,M,REGINALD,41
1934,M,FRANCIS,42
1934,M,MAURICE,43
1934,M,DOUGLAS,44
1934,M,HENRY,45
1934,M,MALCOLM,46
1934,M,ERNEST,47
1934,M,HAROLD,48
1934,M,ALFRED,49
1934,M,GRAHAM,50
1934,M,HARRY,51
1934,M,JACK,52
1934,M,BARRY,53
1934,M,WALTER,54
1934,M,IAN,55
1934,M,PHILIP,56
1934,M,CHRISTOPHER,57
1934,M,BRYAN,58
1934,M,TREVOR,59
1934,M,CLIFFORD,60
1934,M,CYRIL,61
1934,M,VICTOR,62
1934,M,PAUL,63
1934,M,DENIS,64
1934,M,ALLAN,65
1934,M,ALEXANDER,66
1934,M,ROGER,67
1934,M,MOHAMMED,68
1934,M,SIDNEY,69
1934,M,CLIVE,70
1934,M,DANIEL,71
1934,M,LAWRENCE,72
1934,M,HERBERT,73
1934,M,EDWIN,74
1934,M,SAMUEL,75
1934,M,RALPH,76
1934,M,DERRICK,77
1934,M,ABDUL,78
1934,M,ANDREW,79
1934,M,MARTIN,80
1934,M,HUGH,81
1934,M,ROBIN,82
1934,M,NEVILLE,83
1934,M,STEPHEN,84
1934,M,VINCENT,85
1934,M,JEFFREY,86
1934,M,IVOR,87
1934,M,DESMOND,88
1934,M,WILFRED,89
1934,M,SYDNEY,90
1934,M,IVAN,91
1934,M,BARRIE,92
1934,M,ROYSTON,93
1934,M,CECIL,94
1934,M,NEIL,95
1934,M,NOEL,96
1934,M,FRED,97
1934,M,ARNOLD,98
1934,M,RODNEY,99
1934,M,ALEC,100
1934,F,MARGARET,1
1934,F,JEAN,2
1934,F,MARY,3
1934,F,JOAN,4
1934,F,PATRICIA,5
1934,F,SHEILA,6
1934,F,BARBARA,7
1934,F,DOREEN,8
1934,F,JUNE,9
1934,F,SHIRLEY,10
1934,F,DOROTHY,11
1934,F,JOYCE,12
1934,F,MAUREEN,13
1934,F,ELIZABETH,14
1934,F,AUDREY,15
1934,F,BRENDA,16
1934,F,KATHLEEN,17
1934,F,SYLVIA,18
1934,F,EILEEN,19
1934,F,PAMELA,20
1934,F,BETTY,21
1934,F,BERYL,22
1934,F,ANN,23
1934,F,IRENE,24
1934,F,JANET,25
1934,F,ANNE,26
1934,F,RITA,27
1934,F,PAULINE,28
1934,F,MAVIS,29
1934,F,IRIS,30
1934,F,MARJORIE,31
1934,F,VALERIE,32
1934,F,DORIS,33
1934,F,MARION,34
1934,F,MARINA,35
1934,F,CATHERINE,36
1934,F,VERA,37
1934,F,JOSEPHINE,38
1934,F,EDNA,39
1934,F,LILIAN,40
1934,F,NORMA,41
1934,F,ROSEMARY,42
1934,F,PHYLLIS,43
1934,F,HAZEL,44
1934,F,EVELYN,45
1934,F,EDITH,46
1934,F,OLIVE,47
1934,F,WINIFRED,48
1934,F,FLORENCE,49
1934,F,RUTH,50
1934,F,ELSIE,51
1934,F,MURIEL,52
1934,F,MARIE,53
1934,F,DAPHNE,54
1934,F,FRANCES,55
1934,F,CHRISTINE,56
1934,F,THELMA,57
1934,F,GLADYS,58
1934,F,MARIA,59
1934,F,GWENDOLINE,60
1934,F,HILDA,61
1934,F,VIOLET,62
1934,F,HELEN,63
1934,F,ROSE,64
1934,F,CYNTHIA,65
1934,F,ALICE,66
1934,F,GILLIAN,67
1934,F,ENID,68
1934,F,ANNIE,69
1934,F,YVONNE,70
1934,F,FREDA,71
1934,F,ELLEN,72
1934,F,IVY,73
1934,F,JANE,74
1934,F,PEGGY,75
1934,F,SARAH,76
1934,F,MARLENE,77
1934,F,NANCY,78
1934,F,BRIDGET,79
1934,F,DIANA,80
1934,F,GRACE,81
1934,F,TERESA,82
1934,F,VERONICA,83
1934,F,AGNES,84
1934,F,ANGELA,85
1934,F,CONSTANCE,86
1934,F,JENNIFER,87
1934,F,MARIAN,88
1934,F,JILL,89
1934,F,WENDY,90
1934,F,ETHEL,91
1934,F,JOY,92
1934,F,JACQUELINE,93
1934,F,GLORIA,94
1934,F,LILY,95
1934,F,MOLLY,96
1934,F,HEATHER,97
1934,F,MAY,98
1934,F,MONICA,99
1934,F,JUDITH,100
1944,M,JOHN,1
1944,M,DAVID,2
1944,M,MICHAEL,3
1944,M,PETER,4
1944,M,ROBERT,5
1944,M,ANTHONY,6
1944,M,BRIAN,7
1944,M,ALAN,8
1944,M,WILLIAM,9
1944,M,JAMES,10
1944,M,RICHARD,11
1944,M,KENNETH,12
1944,M,ROGER,13
1944,M,KEITH,14
1944,M,COLIN,15
1944,M,CHRISTOPHER,16
1944,M,RAYMOND,17
1944,M,TERENCE,18
1944,M,THOMAS,19
1944,M,BARRY,20
1944,M,GEORGE,21
1944,M,GRAHAM,22
1944,M,IAN,23
1944,M,MALCOLM,24
1944,M,GEOFFREY,25
1944,M,RONALD,26
1944,M,DEREK,27
1944,M,PAUL,28
1944,M,EDWARD,29
1944,M,ROY,30
1944,M,PATRICK,31
1944,M,PHILIP,32
1944,M,TREVOR,33
1944,M,DENNIS,34
1944,M,LESLIE,35
1944,M,JOSEPH,36
1944,M,BERNARD,37
1944,M,CHARLES,38
1944,M,ERIC,39
1944,M,STEPHEN,40
1944,M,MARTIN,41
1944,M,FREDERICK,42
1944,M,NORMAN,43
1944,M,GORDON,44
1944,M,ANDREW,45
1944,M,FRANK,46
1944,M,ARTHUR,47
1944,M,RODNEY,48
1944,M,GERALD,49
1944,M,CLIVE,50
1944,M,JEFFREY,51
1944,M,DOUGLAS,52
1944,M,DONALD,53
1944,M,FRANCIS,54
1944,M,STUART,55
1944,M,VICTOR,56
1944,M,ROBIN,57
1944,M,ALLAN,58
1944,M,LEONARD,59
1944,M,STANLEY,60
1944,M,ALBERT,61
1944,M,MAURICE,62
1944,M,HENRY,63
1944,M,HOWARD,64
1944,M,HARRY,65
1944,M,ALEXANDER,66
1944,M,KEVIN,67
1944,M,CLIFFORD,68
1944,M,NIGEL,69
1944,M,BARRIE,70
1944,M,REGINALD,71
1944,M,ERNEST,72
1944,M,ALFRED,73
1944,M,ADRIAN,74
1944,M,HAROLD,75
1944,M,NICHOLAS,76
1944,M,TIMOTHY,77
1944,M,MELVYN,78
1944,M,BRYAN,79
1944,M,NEIL,80
1944,M,JACK,81
1944,M,DANIEL,82
1944,M,LAWRENCE,83
1944,M,HUGH,84
1944,M,DENIS,85
1944,M,WALTER,86
1944,M,MOHAMMED,87
1944,M,TERRY,88
1944,M,EDWIN,89
1944,M,RALPH,90
1944,M,IVAN,91
1944,M,BRUCE,92
1944,M,PHILLIP,93
1944,M,VINCENT,94
1944,M,GARY,95
1944,M,TONY,96
1944,M,SAMUEL,97
1944,M,CYRIL,98
1944,M,SIDNEY,99
1944,M,ROYSTON,100
1944,F,MARGARET,1
1944,F,PATRICIA,2
1944,F,CHRISTINE,3
1944,F,MARY,4
1944,F,JEAN,5
1944,F,ANN,6
1944,F,SUSAN,7
1944,F,JANET,8
1944,F,MAUREEN,9
1944,F,BARBARA,10
1944,F,VALERIE,11
1944,F,CAROL,12
1944,F,SANDRA,13
1944,F,PAULINE,14
1944,F,ELIZABETH,15
1944,F,JOAN,16
1944,F,PAMELA,17
1944,F,JENNIFER,18
1944,F,KATHLEEN,19
1944,F,ANNE,20
1944,F,SHEILA,21
1944,F,BRENDA,22
1944,F,GILLIAN,23
1944,F,LINDA,24
1944,F,JACQUELINE,25
1944,F,SYLVIA,26
1944,F,CAROLE,27
1944,F,EILEEN,28
1944,F,WENDY,29
1944,F,JUDITH,30
1944,F,DOROTHY,31
1944,F,JUNE,32
1944,F,JOYCE,33
1944,F,IRENE,34
1944,F,DIANE,35
1944,F,ROSEMARY,36
1944,F,ANGELA,37
1944,F,DOREEN,38
1944,F,SHIRLEY,39
1944,F,MARION,40
1944,F,RITA,41
1944,F,CATHERINE,42
1944,F,YVONNE,43
1944,F,JOSEPHINE,44
1944,F,HELEN,45
1944,F,BERYL,46
1944,F,HAZEL,47
1944,F,FRANCES,48
1944,F,JANICE,49
1944,F,ELAINE,50
1944,F,DIANA,51
1944,F,VERONICA,52
1944,F,JANE,53
1944,F,MARILYN,54
1944,F,LESLEY,55
1944,F,NORMA,56
1944,F,MARIA,57
1944,F,HEATHER,58
1944,F,GLORIA,59
1944,F,MARIE,60
1944,F,MARJORIE,61
1944,F,HILARY,62
1944,F,JILL,63
1944,F,CYNTHIA,64
1944,F,RUTH,65
1944,F,MAVIS,66
1944,F,AUDREY,67
1944,F,MARLENE,68
1944,F,BETTY,69
1944,F,JULIA,70
1944,F,EVELYN,71
1944,F,PENELOPE,72
1944,F,LYNDA,73
1944,F,CHRISTINA,74
1944,F,JEANETTE,75
1944,F,CAROLYN,76
1944,F,IRIS,77
1944,F,ANITA,78
1944,F,DENISE,79
1944,F,KAY,80
1944,F,MARIAN,81
1944,F,VERA,82
1944,F,TERESA,83
1944,F,GEORGINA,84
1944,F,SALLY,85
1944,F,SARAH,86
1944,F,BRIDGET,87
1944,F,LILIAN,88
1944,F,MONICA,89
1944,F,JOY,90
1944,F,GLENYS,91
1944,F,JULIE,92
1944,F,VIVIENNE,93
1944,F,DAPHNE,94
1944,F,CAROLINE,95
1944,F,PHYLLIS,96
1944,F,GWENDOLINE,97
1944,F,GERALDINE,98
1944,F,DORIS,99
1944,F,MURIEL,100
1954,M,DAVID,1
1954,M,JOHN,2
1954,M,STEPHEN,3
1954,M,MICHAEL,4
1954,M,PETER,5
1954,M,ROBERT,6
1954,M,PAUL,7
1954,M,ALAN,8
1954,M,CHRISTOPHER,9
1954,M,RICHARD,10
1954,M,ANTHONY,11
1954,M,ANDREW,12
1954,M,IAN,13
1954,M,JAMES,14
1954,M,WILLIAM,15
1954,M,PHILIP,16
1954,M,BRIAN,17
1954,M,KEITH,18
1954,M,GRAHAM,19
1954,M,KEVIN,20
1954,M,MARTIN,21
1954,M,COLIN,22
1954,M,STEVEN,23
1954,M,THOMAS,24
1954,M,KENNETH,25
1954,M,RAYMOND,26
1954,M,NIGEL,27
1954,M,GEOFFREY,28
1954,M,TERENCE,29
1954,M,TREVOR,30
1954,M,MALCOLM,31
1954,M,MARK,32
1954,M,BARRY,33
1954,M,GARY,34
1954,M,GEORGE,35
1954,M,NICHOLAS,36
1954,M,DEREK,37
1954,M,CHARLES,38
1954,M,PATRICK,39
1954,M,TIMOTHY,40
1954,M,ROGER,41
1954,M,LESLIE,42
1954,M,RONALD,43
1954,M,CLIVE,44
1954,M,EDWARD,45
1954,M,NEIL,46
1954,M,JOSEPH,47
1954,M,JEFFREY,48
1954,M,STUART,49
1954,M,ROY,50
1954,M,GORDON,51
1954,M,JONATHAN,52
1954,M,SIMON,53
1954,M,ADRIAN,54
1954,M,DENNIS,55
1954,M,MOHAMMED,56
1954,M,PHILLIP,57
1954,M,ALLAN,58
1954,M,ROBIN,59
1954,M,GERALD,60
1954,M,FRANCIS,61
1954,M,ERIC,62
1954,M,BERNARD,63
1954,M,DONALD,64
1954,M,FRANK,65
1954,M,NORMAN,66
1954,M,FREDERICK,67
1954,M,HOWARD,68
1954,M,DOUGLAS,69
1954,M,JEREMY,70
1954,M,ALEXANDER,71
1954,M,ARTHUR,72
1954,M,DANIEL,73
1954,M,ABDUL,74
1954,M,MARTYN,75
1954,M,LEONARD,76
1954,M,LAWRENCE,77
1954,M,GERARD,78
1954,M,TONY,79
1954,M,BRYAN,80
1954,M,CLIFFORD,81
1954,M,GARRY,82
1954,M,HENRY,83
1954,M,MOHAMMAD,84
1954,M,GARETH,85
1954,M,STANLEY,86
1954,M,VINCENT,87
1954,M,VICTOR,88
1954,M,HUGH,89
1954,M,MOHAMED,90
1954,M,STEWART,91
1954,M,TERRY,92
1954,M,ALBERT,93
1954,M,GREGORY,94
1954,M,MAURICE,95
1954,M,JULIAN,96
1954,M,DENIS,97
1954,M,GLENN,98
1954,M,ANTONY,99
1954,M,HARRY,100
1954,F,SUSAN,1
1954,F,LINDA,2
1954,F,CHRISTINE,3
1954,F,MARGARET,4
1954,F,JANET,5
1954,F,PATRICIA,6
1954,F,CAROL,7
1954,F,ELIZABETH,8
1954,F,MARY,9
1954,F,ANNE,10
1954,F,ANN,11
1954,F,JANE,12
1954,F,JACQUELINE,13
1954,F,BARBARA,14
1954,F,SANDRA,15
1954,F,GILLIAN,16
1954,F,PAULINE,17
1954,F,ELAINE,18
1954,F,LESLEY,19
1954,F,ANGELA,20
1954,F,PAMELA,21
1954,F,HELEN,22
1954,F,JENNIFER,23
1954,F,VALERIE,24
1954,F,JEAN,25
1954,F,CATHERINE,26
1954,F,JULIE,27
1954,F,KATHLEEN,28
1954,F,DENISE,29
1954,F,MAUREEN,30
1954,F,JUDITH,31
1954,F,WENDY,32
1954,F,DIANE,33
1954,F,SHEILA,34
1954,F,JANICE,35
1954,F,LYNN,36
1954,F,KAREN,37
1954,F,YVONNE,38
1954,F,LYNNE,39
1954,F,SHIRLEY,40
1954,F,MARION,41
1954,F,MARIA,42
1954,F,ROSEMARY,43
1954,F,CAROLE,44
1954,F,JOAN,45
1954,F,MARILYN,46
1954,F,JUNE,47
1954,F,LORRAINE,48
1954,F,LYNDA,49
1954,F,SALLY,50
1954,F,MARIAN,51
1954,F,BRENDA,52
1954,F,ALISON,53
1954,F,TERESA,54
1954,F,JULIA,55
1954,F,HEATHER,56
1954,F,MARIE,57
1954,F,EILEEN,58
1954,F,DEBORAH,59
1954,F,KATHRYN,60
1954,F,HILARY,61
1954,F,CAROLINE,62
1954,F,SHARON,63
1954,F,SYLVIA,64
1954,F,RUTH,65
1954,F,IRENE,66
1954,F,DOROTHY,67
1954,F,SARAH,68
1954,F,FRANCES,69
1954,F,JOSEPHINE,70
1954,F,JILL,71
1954,F,JOYCE,72
1954,F,HAZEL,73
1954,F,ANNETTE,74
1954,F,BEVERLEY,75
1954,F,GAIL,76
1954,F,RITA,77
1954,F,GERALDINE,78
1954,F,DIANA,79
1954,F,CAROLYN,80
1954,F,CHRISTINA,81
1954,F,PENELOPE,82
1954,F,JEANETTE,83
1954,F,SUZANNE,84
1954,F,AMANDA,85
1954,F,DAWN,86
1954,F,THERESA,87
1954,F,ANNA,88
1954,F,JOY,89
1954,F,DOREEN,90
1954,F,FIONA,91
1954,F,CHERYL,92
1954,F,KAY,93
1954,F,GLYNIS,94
1954,F,ANITA,95
1954,F,STEPHANIE,96
1954,F,NICOLA,97
1954,F,VERONICA,98
1954,F,ANDREA,99
1954,F,AUDREY,100
1964,M,DAVID,1
1964,M,PAUL,2
1964,M,ANDREW,3
1964,M,MARK,4
1964,M,JOHN,5
1964,M,MICHAEL,6
1964,M,STEPHEN,7
1964,M,IAN,8
1964,M,ROBERT,9
1964,M,RICHARD,10
1964,M,CHRISTOPHER,11
1964,M,PETER,12
1964,M,SIMON,13
1964,M,ANTHONY,14
1964,M,KEVIN,15
1964,M,GARY,16
1964,M,STEVEN,17
1964,M,MARTIN,18
1964,M,JAMES,19
1964,M,PHILIP,20
1964,M,ALAN,21
1964,M,NEIL,22
1964,M,NIGEL,23
1964,M,TIMOTHY,24
1964,M,COLIN,25
1964,M,GRAHAM,26
1964,M,JONATHAN,27
1964,M,NICHOLAS,28
1964,M,WILLIAM,29
1964,M,ADRIAN,30
1964,M,BRIAN,31
1964,M,STUART,32
1964,M,KEITH,33
1964,M,THOMAS,34
1964,M,PATRICK,35
1964,M,SEAN,36
1964,M,CARL,37
1964,M,TREVOR,38
1964,M,WAYNE,39
1964,M,SHAUN,40
1964,M,KENNETH,41
1964,M,BARRY,42
1964,M,DEREK,43
1964,M,DEAN,44
1964,M,RAYMOND,45
1964,M,ANTONY,46
1964,M,JEREMY,47
1964,M,JOSEPH,48
1964,M,EDWARD,49
1964,M,LEE,50
1964,M,TERENCE,51
1964,M,MATTHEW,52
1964,M,DANIEL,53
1964,M,GEORGE,54
1964,M,RUSSELL,55
1964,M,CHARLES,56
1964,M,JEFFREY,57
1964,M,CLIVE,58
1964,M,PHILLIP,59
1964,M,CRAIG,60
1964,M,ROGER,61
1964,M,JULIAN,62
1964,M,GEOFFREY,63
1964,M,KARL,64
1964,M,MALCOLM,65
1964,M,DARREN,66
1964,M,TONY,67
1964,M,ADAM,68
1964,M,ROBIN,69
1964,M,GARRY,70
1964,M,ROY,71
1964,M,VINCENT,72
1964,M,MOHAMMED,73
1964,M,GORDON,74
1964,M,DUNCAN,75
1964,M,LESLIE,76
1964,M,ALEXANDER,77
1964,M,GREGORY,78
1964,M,GARETH,79
1964,M,RONALD,80
1964,M,DOUGLAS,81
1964,M,FRANCIS,82
1964,M,STEWART,83
1964,M,GRAEME,84
1964,M,GUY,85
1964,M,TERRY,86
1964,M,MARTYN,87
1964,M,ERIC,88
1964,M,ALLAN,89
1964,M,GERARD,90
1964,M,GERALD,91
1964,M,HOWARD,92
1964,M,JASON,93
1964,M,IAIN,94
1964,M,GLENN,95
1964,M,DENNIS,96
1964,M,GAVIN,97
1964,M,BRUCE,98
1964,M,DONALD,99
1964,M,DOMINIC,100
1964,F,SUSAN,1
1964,F,JULIE,2
1964,F,KAREN,3
1964,F,JACQUELINE,4
1964,F,DEBORAH,5
1964,F,TRACEY,6
1964,F,JANE,7
1964,F,HELEN,8
1964,F,DIANE,9
1964,F,SHARON,10
1964,F,TRACY,11
1964,F,ANGELA,12
1964,F,SARAH,13
1964,F,ALISON,14
1964,F,CAROLINE,15
1964,F,AMANDA,16
1964,F,SANDRA,17
1964,F,LINDA,18
1964,F,CATHERINE,19
1964,F,ELIZABETH,20
1964,F,CAROL,21
1964,F,JOANNE,22
1964,F,WENDY,23
1964,F,JANET,24
1964,F,DAWN,25
1964,F,CHRISTINE,26
1964,F,NICOLA,27
1964,F,GILLIAN,28
1964,F,SALLY,29
1964,F,MARIA,30
1964,F,MICHELLE,31
1964,F,DEBRA,32
1964,F,PAULA,33
1964,F,ANNE,34
1964,F,LORRAINE,35
1964,F,PATRICIA,36
1964,F,MARY,37
1964,F,DENISE,38
1964,F,MARGARET,39
1964,F,ANN,40
1964,F,BEVERLEY,41
1964,F,DONNA,42
1964,F,ELAINE,43
1964,F,FIONA,44
1964,F,JENNIFER,45
1964,F,LESLEY,46
1964,F,LOUISE,47
1964,F,MANDY,48
1964,F,TINA,49
1964,F,JAYNE,50
1964,F,SUZANNE,51
1964,F,ANDREA,52
1964,F,PAULINE,53
1964,F,LISA,54
1964,F,CLAIRE,55
1964,F,KIM,56
1964,F,JULIA,57
1964,F,TERESA,58
1964,F,HEATHER,59
1964,F,KATHRYN,60
1964,F,LYNN,61
1964,F,RUTH,62
1964,F,YVONNE,63
1964,F,JUDITH,64
1964,F,MELANIE,65
1964,F,MARIE,66
1964,F,PAMELA,67
1964,F,CAROLE,68
1964,F,BARBARA,69
1964,F,GAIL,70
1964,F,LYNNE,71
1964,F,CLARE,72
1964,F,JANICE,73
1964,F,RACHEL,74
1964,F,JILL,75
1964,F,KATHERINE,76
1964,F,KATHLEEN,77
1964,F,SHIRLEY,78
1964,F,ANNETTE,79
1964,F,CAROLYN,80
1964,F,ANNA,81
1964,F,SARA,82
1964,F,VALERIE,83
1964,F,CHERYL,84
1964,F,JEANETTE,85
1964,F,KAY,86
1964,F,ANITA,87
1964,F,MAXINE,88
1964,F,FRANCES,89
1964,F,JOANNA,90
1964,F,THERESA,91
1964,F,DEBBIE,92
1964,F,LYNDA,93
1964,F,MAUREEN,94
1964,F,ROSEMARY,95
1964,F,MICHELE,96
1964,F,LAURA,97
1964,F,REBECCA,98
1964,F,SHEILA,99
1964,F,STEPHANIE,100
1974,M,PAUL,1
1974,M,MARK,2
1974,M,DAVID,3
1974,M,ANDREW,4
1974,M,RICHARD,5
1974,M,CHRISTOPHER,6
1974,M,JAMES,7
1974,M,SIMON,8
1974,M,MICHAEL,9
1974,M,MATTHEW,10
1974,M,STEPHEN,11
1974,M,LEE,12
1974,M,JOHN,13
1974,M,ROBERT,14
1974,M,DARREN,15
1974,M,DANIEL,16
1974,M,STEVEN,17
1974,M,JASON,18
1974,M,NICHOLAS,19
1974,M,JONATHAN,20
1974,M,IAN,21
1974,M,NEIL,22
1974,M,PETER,23
1974,M,STUART,24
1974,M,ANTHONY,25
1974,M,MARTIN,26
1974,M,KEVIN,27
1974,M,CRAIG,28
1974,M,PHILIP,29
1974,M,GARY,30
1974,M,SCOTT,31
1974,M,WAYNE,32
1974,M,TIMOTHY,33
1974,M,BENJAMIN,34
1974,M,ADAM,35
1974,M,ALAN,36
1974,M,DEAN,37
1974,M,ADRIAN,38
1974,M,CARL,39
1974,M,THOMAS,40
1974,M,WILLIAM,41
1974,M,GRAHAM,42
1974,M,ALEXANDER,43
1974,M,COLIN,44
1974,M,JAMIE,45
1974,M,GARETH,46
1974,M,JUSTIN,47
1974,M,BARRY,48
1974,M,CHRISTIAN,49
1974,M,KARL,50
1974,M,BRIAN,51
1974,M,EDWARD,52
1974,M,KEITH,53
1974,M,MARC,54
1974,M,NIGEL,55
1974,M,SEAN,56
1974,M,SHAUN,57
1974,M,NATHAN,58
1974,M,JOSEPH,59
1974,M,RUSSELL,60
1974,M,MOHAMMED,61
1974,M,JEREMY,62
1974,M,PHILLIP,63
1974,M,DAMIAN,64
1974,M,SHANE,65
1974,M,DUNCAN,66
1974,M,PATRICK,67
1974,M,JULIAN,68
1974,M,DOMINIC,69
1974,M,CHARLES,70
1974,M,MARCUS,71
1974,M,GAVIN,72
1974,M,TONY,73
1974,M,ANTONY,74
1974,M,ROBIN,75
1974,M,TREVOR,76
1974,M,GLEN,77
1974,M,IAIN,78
1974,M,RYAN,79
1974,M,MARTYN,80
1974,M,GREGORY,81
1974,M,SAMUEL,82
1974,M,GEORGE,83
1974,M,OLIVER,84
1974,M,RAYMOND,85
1974,M,ABDUL,86
1974,M,MATHEW,87
1974,M,STEWART,88
1974,M,MALCOLM,89
1974,M,GARRY,90
1974,M,LEON,91
1974,M,BRETT,92
1974,M,TERRY,93
1974,M,KENNETH,94
1974,M,LUKE,95
1974,M,ROGER,96
1974,M,GLENN,97
1974,M,LEIGH,98
1974,M,TERENCE,99
1974,M,DEREK,100
1974,F,SARAH,1
1974,F,CLAIRE,2
1974,F,NICOLA,3
1974,F,EMMA,4
1974,F,LISA,5
1974,F,JOANNE,6
1974,F,MICHELLE,7
1974,F,HELEN,8
1974,F,SAMANTHA,9
1974,F,KAREN,10
1974,F,AMANDA,11
1974,F,RACHEL,12
1974,F,LOUISE,13
1974,F,JULIE,14
1974,F,CLARE,15
1974,F,REBECCA,16
1974,F,SHARON,17
1974,F,VICTORIA,18
1974,F,CAROLINE,19
1974,F,SUSAN,20
1974,F,ALISON,21
1974,F,CATHERINE,22
1974,F,ELIZABETH,23
1974,F,DEBORAH,24
1974,F,DONNA,25
1974,F,TRACEY,26
1974,F,TRACY,27
1974,F,ANGELA,28
1974,F,JANE,29
1974,F,ZOE,30
1974,F,KERRY,31
1974,F,MELANIE,32
1974,F,SALLY,33
1974,F,JENNIFER,34
1974,F,DAWN,35
1974,F,ANDREA,36
1974,F,SUZANNE,37
1974,F,LUCY,38
1974,F,JOANNA,39
1974,F,ANNA,40
1974,F,CHARLOTTE,41
1974,F,PAULA,42
1974,F,KATHERINE,43
1974,F,MARIA,44
1974,F,MARIE,45
1974,F,FIONA,46
1974,F,KELLY,47
1974,F,NATALIE,48
1974,F,KATHRYN,49
1974,F,JACQUELINE,50
1974,F,WENDY,51
1974,F,SARA,52
1974,F,HAYLEY,53
1974,F,LAURA,54
1974,F,NATASHA,55
1974,F,RUTH,56
1974,F,LORRAINE,57
1974,F,TINA,58
1974,F,RACHAEL,59
1974,F,ANNE,60
1974,F,STEPHANIE,61
1974,F,KIRSTY,62
1974,F,CHRISTINE,63
1974,F,JULIA,64
1974,F,GILLIAN,65
1974,F,CHERYL,66
1974,F,HANNAH,67
1974,F,VANESSA,68
1974,F,ANN,69
1974,F,JAYNE,70
1974,F,DIANE,71
1974,F,HEATHER,72
1974,F,SANDRA,73
1974,F,TERESA,74
1974,F,KATE,75
1974,F,LINDA,76
1974,F,MARY,77
1974,F,ELAINE,78
1974,F,GEORGINA,79
1974,F,EMILY,80
1974,F,KATIE,81
1974,F,ALEXANDRA,82
1974,F,NICHOLA,83
1974,F,CAROL,84
1974,F,SOPHIE,85
1974,F,HEIDI,86
1974,F,KIM,87
1974,F,TANYA,88
1974,F,PATRICIA,89
1974,F,BEVERLEY,90
1974,F,LEANNE,91
1974,F,DENISE,92
1974,F,TARA,93
1974,F,CLAIR,94
1974,F,SONIA,95
1974,F,DEBBIE,96
1974,F,LESLEY,97
1974,F,ANITA,98
1974,F,LINDSEY,99
1974,F,DEBRA,100
1984,M,CHRISTOPHER,1
1984,M,JAMES,2
1984,M,DAVID,3
1984,M,DANIEL,4
1984,M,MICHAEL,5
1984,M,MATTHEW,6
1984,M,ANDREW,7
1984,M,RICHARD,8
1984,M,PAUL,9
1984,M,MARK,10
1984,M,THOMAS,11
1984,M,ADAM,12
1984,M,ROBERT,13
1984,M,JOHN,14
1984,M,LEE,15
1984,M,BENJAMIN,16
1984,M,STEVEN,17
1984,M,JONATHAN,18
1984,M,CRAIG,19
1984,M,STEPHEN,20
1984,M,SIMON,21
1984,M,NICHOLAS,22
1984,M,PETER,23
1984,M,ANTHONY,24
1984,M,ALEXANDER,25
1984,M,GARY,26
1984,M,IAN,27
1984,M,RYAN,28
1984,M,LUKE,29
1984,M,JAMIE,30
1984,M,STUART,31
1984,M,PHILIP,32
1984,M,DARREN,33
1984,M,WILLIAM,34
1984,M,GARETH,35
1984,M,MARTIN,36
1984,M,KEVIN,37
1984,M,SCOTT,38
1984,M,DEAN,39
1984,M,JOSEPH,40
1984,M,JASON,41
1984,M,NEIL,42
1984,M,SAMUEL,43
1984,M,CARL,44
1984,M,BEN,45
1984,M,SEAN,46
1984,M,TIMOTHY,47
1984,M,OLIVER,48
1984,M,ASHLEY,49
1984,M,WAYNE,50
1984,M,EDWARD,51
1984,M,SHAUN,52
1984,M,AARON,53
1984,M,MOHAMMED,54
1984,M,GAVIN,55
1984,M,LIAM,56
1984,M,NATHAN,57
1984,M,ALAN,58
1984,M,GRAHAM,59
1984,M,ROSS,60
1984,M,KARL,61
1984,M,MARC,62
1984,M,ADRIAN,63
1984,M,PHILLIP,64
1984,M,PATRICK,65
1984,M,LEWIS,66
1984,M,COLIN,67
1984,M,RUSSELL,68
1984,M,CHARLES,69
1984,M,SHANE,70
1984,M,GEORGE,71
1984,M,SAM,72
1984,M,MATHEW,73
1984,M,JACK,74
1984,M,RICKY,75
1984,M,DALE,76
1984,M,TONY,77
1984,M,JOSHUA,78
1984,M,ALEX,79
1984,M,DOMINIC,80
1984,M,BARRY,81
1984,M,LEON,82
1984,M,MOHAMMAD,83
1984,M,TERRY,84
1984,M,GREGORY,85
1984,M,DANNY,86
1984,M,BRIAN,87
1984,M,KEITH,88
1984,M,ANTONY,89
1984,M,KIERAN,90
1984,M,JUSTIN,91
1984,M,BRADLEY,92
1984,M,JORDAN,93
1984,M,MARTYN,94
1984,M,LEIGH,95
1984,M,ABDUL,96
1984,M,DAMIEN,97
1984,M,STEWART,98
1984,M,ROBIN,99
1984,M,IAIN,100
1984,F,SARAH,1
1984,F,LAURA,2
1984,F,GEMMA,3
1984,F,EMMA,4
1984,F,REBECCA,5
1984,F,CLAIRE,6
1984,F,VICTORIA,7
1984,F,SAMANTHA,8
1984,F,RACHEL,9
1984,F,AMY,10
1984,F,JENNIFER,11
1984,F,NICOLA,12
1984,F,KATIE,13
1984,F,LISA,14
1984,F,KELLY,15
1984,F,NATALIE,16
1984,F,LOUISE,17
1984,F,MICHELLE,18
1984,F,HAYLEY,19
1984,F,HANNAH,20
1984,F,HELEN,21
1984,F,CHARLOTTE,22
1984,F,JOANNE,23
1984,F,LUCY,24
1984,F,ELIZABETH,25
1984,F,LEANNE,26
1984,F,DANIELLE,27
1984,F,DONNA,28
1984,F,KATHERINE,29
1984,F,CLARE,30
1984,F,STEPHANIE,31
1984,F,STACEY,32
1984,F,LAUREN,33
1984,F,JOANNA,34
1984,F,KERRY,35
1984,F,EMILY,36
1984,F,CATHERINE,37
1984,F,SOPHIE,38
1984,F,ANNA,39
1984,F,JESSICA,40
1984,F,ZOE,41
1984,F,KIRSTY,42
1984,F,KIMBERLEY,43
1984,F,KATE,44
1984,F,JENNA,45
1984,F,CAROLINE,46
1984,F,NATASHA,47
1984,F,RACHAEL,48
1984,F,AMANDA,49
1984,F,KATHRYN,50
1984,F,KAREN,51
1984,F,ALEXANDRA,52
1984,F,JODIE,53
1984,F,ALISON,54
1984,F,SARA,55
1984,F,JEMMA,56
1984,F,CARLY,57
1984,F,HEATHER,58
1984,F,HOLLY,59
1984,F,RUTH,60
1984,F,FIONA,61
1984,F,MELISSA,62
1984,F,ANGELA,63
1984,F,SUZANNE,64
1984,F,KATY,65
1984,F,MARIE,66
1984,F,NAOMI,67
1984,F,CHERYL,68
1984,F,MELANIE,69
1984,F,SALLY,70
1984,F,JULIE,71
1984,F,CHARLENE,72
1984,F,JADE,73
1984,F,SIAN,74
1984,F,TRACEY,75
1984,F,ELEANOR,76
1984,F,DEBORAH,77
1984,F,MARIA,78
1984,F,LINDSEY,79
1984,F,ABIGAIL,80
1984,F,LINDSAY,81
1984,F,SUSAN,82
1984,F,ALICE,83
1984,F,GEORGINA,84
1984,F,AIMEE,85
1984,F,JANE,86
1984,F,KIM,87
1984,F,CARLA,88
1984,F,CHRISTINE,89
1984,F,DAWN,90
1984,F,TANYA,91
1984,F,JENNY,92
1984,F,ANDREA,93
1984,F,LYNDSEY,94
1984,F,JACQUELINE,95
1984,F,LYNSEY,96
1984,F,CHLOE,97
1984,F,MARY,98
1984,F,LEAH,99
1984,F,TONI,100
1994,M,THOMAS,1
1994,M,JAMES,2
1994,M,JACK,3
1994,M,DANIEL,4
1994,M,MATTHEW,5
1994,M,RYAN,6
1994,M,JOSHUA,7
1994,M,LUKE,8
1994,M,SAMUEL,9
1994,M,JORDAN,10
1994,M,ADAM,11
1994,M,MICHAEL,12
1994,M,ALEXANDER,13
1994,M,CHRISTOPHER,14
1994,M,BENJAMIN,15
1994,M,JOSEPH,16
1994,M,LIAM,17
1994,M,JAKE,18
1994,M,WILLIAM,19
1994,M,ANDREW,20
1994,M,GEORGE,21
1994,M,LEWIS,22
1994,M,OLIVER,23
1994,M,DAVID,24
1994,M,ROBERT,25
1994,M,JAMIE,26
1994,M,NATHAN,27
1994,M,CONNOR,28
1994,M,JONATHAN,29
1994,M,HARRY,30
1994,M,CALLUM,31
1994,M,AARON,32
1994,M,ASHLEY,33
1994,M,BRADLEY,34
1994,M,JACOB,35
1994,M,KIERAN,36
1994,M,SCOTT,37
1994,M,SAM,38
1994,M,JOHN,39
1994,M,BEN,40
1994,M,MOHAMMED,41
1994,M,NICHOLAS,42
1994,M,KYLE,43
1994,M,CHARLES,44
1994,M,MARK,45
1994,M,SEAN,46
1994,M,EDWARD,47
1994,M,STEPHEN,48
1994,M,RICHARD,49
1994,M,ALEX,50
1994,M,PETER,51
1994,M,DOMINIC,52
1994,M,JOE,53
1994,M,REECE,54
1994,M,LEE,55
1994,M,RHYS,56
1994,M,STEVEN,57
1994,M,ANTHONY,58
1994,M,CHARLIE,59
1994,M,PAUL,60
1994,M,CRAIG,61
1994,M,JASON,62
1994,M,DALE,63
1994,M,ROSS,64
1994,M,CAMERON,65
1994,M,LOUIS,66
1994,M,DEAN,67
1994,M,CONOR,68
1994,M,SHANE,69
1994,M,ELLIOT,70
1994,M,PATRICK,71
1994,M,MAX,72
1994,M,SHAUN,73
1994,M,HENRY,74
1994,M,SIMON,75
1994,M,TIMOTHY,76
1994,M,MITCHELL,77
1994,M,BILLY,78
1994,M,PHILIP,79
1994,M,JOEL,80
1994,M,JOSH,81
1994,M,MARCUS,82
1994,M,DYLAN,83
1994,M,CARL,84
1994,M,ELLIOTT,85
1994,M,BRANDON,86
1994,M,MARTIN,87
1994,M,TOBY,88
1994,M,STUART,89
1994,M,GARETH,90
1994,M,DANNY,91
1994,M,CHRISTIAN,92
1994,M,TOM,93
1994,M,DECLAN,94
1994,M,KARL,95
1994,M,MOHAMMAD,96
1994,M,MATHEW,97
1994,M,JAY,98
1994,M,OWEN,99
1994,M,DARREN,100
1994,F,REBECCA,1
1994,F,LAUREN,2
1994,F,JESSICA,3
1994,F,CHARLOTTE,4
1994,F,HANNAH,5
1994,F,SOPHIE,6
1994,F,AMY,7
1994,F,EMILY,8
1994,F,LAURA,9
1994,F,EMMA,10
1994,F,CHLOE,11
1994,F,SARAH,12
1994,F,LUCY,13
1994,F,KATIE,14
1994,F,BETHANY,15
1994,F,JADE,16
1994,F,MEGAN,17
1994,F,ALICE,18
1994,F,RACHEL,19
1994,F,SAMANTHA,20
1994,F,DANIELLE,21
1994,F,HOLLY,22
1994,F,ABIGAIL,23
1994,F,OLIVIA,24
1994,F,STEPHANIE,25
1994,F,ELIZABETH,26
1994,F,VICTORIA,27
1994,F,NATASHA,28
1994,F,GEORGIA,29
1994,F,ZOE,30
1994,F,NATALIE,31
1994,F,ELEANOR,32
1994,F,SHANNON,33
1994,F,PAIGE,34
1994,F,GEORGINA,35
1994,F,GEMMA,36
1994,F,NICOLE,37
1994,F,CHELSEA,38
1994,F,KIRSTY,39
1994,F,ALEXANDRA,40
1994,F,MELISSA,41
1994,F,JENNIFER,42
1994,F,HAYLEY,43
1994,F,LOUISE,44
1994,F,KATHERINE,45
1994,F,JODIE,46
1994,F,GRACE,47
1994,F,ANNA,48
1994,F,MOLLY,49
1994,F,AMBER,50
1994,F,JASMINE,51
1994,F,KAYLEIGH,52
1994,F,KELLY,53
1994,F,HARRIET,54
1994,F,ASHLEIGH,55
1994,F,CATHERINE,56
1994,F,LEAH,57
1994,F,NICOLA,58
1994,F,FRANCESCA,59
1994,F,NAOMI,60
1994,F,KATE,61
1994,F,ABBIE,62
1994,F,CLAIRE,63
1994,F,LEANNE,64
1994,F,RACHAEL,65
1994,F,ROSIE,66
1994,F,AIMEE,67
1994,F,ELLIE,68
1994,F,SIAN,69
1994,F,KIMBERLEY,70
1994,F,LYDIA,71
1994,F,HOLLIE,72
1994,F,STACEY,73
1994,F,BETHAN,74
1994,F,AMELIA,75
1994,F,BETH,76
1994,F,KATHRYN,77
1994,F,HEATHER,78
1994,F,LISA,79
1994,F,HELEN,80
1994,F,ELLA,81
1994,F,ROBYN,82
1994,F,CHANTELLE,83
1994,F,ELLEN,84
1994,F,DAISY,85
1994,F,DEMI,86
1994,F,COURTNEY,87
1994,F,GABRIELLE,88
1994,F,YASMIN,89
1994,F,LILY,90
1994,F,RHIANNON,91
1994,F,MARIA,92
1994,F,KERRY,93
1994,F,IMOGEN,94
1994,F,REBEKAH,95
1994,F,JORDAN,96
1994,F,JOANNA,97
1994,F,CAITLIN,98
1994,F,JEMMA,99
1994,F,TONI,100
