year,sex,name,count,rank
1904,B,WILLIAM,,1
1904,B,JOHN,,2
1904,B,GEORGE,,3
1904,B,THOMAS,,4
1904,B,ARTHUR,,5
1904,B,JAMES,,6
1904,B,CHARLES,,7
1904,B,FREDERICK,,8
1904,B,ALBERT,,9
1904,B,ERNEST,,10
1904,B,ALFRED,,11
1904,B,EDWARD,,12
1904,B,JOSEPH,,13
1904,B,HAROLD,,14
1904,B,ROBERT,,15
1904,B,FRANK,,16
1904,B,HENRY,,17
1904,B,HARRY,,18
1904,B,WALTER,,19
1904,B,REGINALD,,20
1904,B,HERBERT,,21
1904,B,LEONARD,,22
1904,B,STANLEY,,23
1904,B,LESLIE,,24
1904,B,RICHARD,,25
1904,B,CYRIL,,26
1904,B,SIDNEY,,27
1904,B,FRANCIS,,28
1904,B,PERCY,,29
1904,B,DAVID,,30
1904,B,WILFRED,,31
1904,B,SAMUEL,,32
1904,B,NORMAN,,33
1904,B,CECIL,,34
1904,B,ERIC,,35
1904,B,SYDNEY,,36
1904,B,HORACE,,37
1904,B,FRED,,38
1904,B,JACK,,39
1904,B,EDWIN,,40
1904,B,RONALD,,41
1904,B,ALEXANDER,,42
1904,B,CLIFFORD,,43
1904,B,PATRICK,,44
1904,B,BERNARD,,45
1904,B,MICHAEL,,46
1904,B,VICTOR,,47
1904,B,PHILIP,,48
1904,B,EDGAR,,49
1904,B,MAURICE,,50
1904,B,DONALD,,51
1904,B,KENNETH,,52
1904,B,BENJAMIN,,53
1904,B,DOUGLAS,,54
1904,B,HUGH,,55
1904,B,LAWRENCE,,56
1904,B,DANIEL,,57
1904,B,GEOFFREY,,58
1904,B,PETER,,59
1904,B,ARCHIBALD,,60
1904,B,CHRISTOPHER,,61
1904,B,ALAN,,62
1904,B,TOM,,63
1904,B,GILBERT,,64
1904,B,HUBERT,,65
1904,B,RALPH,,66
1904,B,STEPHEN,,67
1904,B,GERALD,,68
1904,B,BERTIE,,69
1904,B,LEWIS,,70
1904,B,ANDREW,,71
1904,B,PERCIVAL,,72
1904,B,RAYMOND,,73
1904,B,BERTRAM,,74
1904,B,ARNOLD,,75
1904,B,EDMUND,,76
1904,B,CLARENCE,,77
1904,B,LOUIS,,78
1904,B,IVOR,,79
1904,B,ROLAND,,80
1904,B,MARK,,81
1904,B,GORDON,,82
1904,B,CLAUDE,,83
1904,B,MATTHEW,,84
1904,B,MARTIN,,85
1904,B,LIONEL,,86
1904,B,DENNIS,,87
1904,B,EVAN,,88
1904,B,HECTOR,,89
1904,B,ALEC,,90
1904,B,ANTHONY,,91
1904,B,ALLAN,,92
1904,B,OLIVER,,93
1904,B,OWEN,,94
1904,B,HOWARD,,95
1904,B,COLIN,,96
1904,B,MORRIS,,97
1904,B,DENIS,,98
1904,B,LAURENCE,,99
1904,B,JESSE,,100
1904,G,MARY,,1
1904,G,FLORENCE,,2
1904,G,DORIS,,3
1904,G,EDITH,,4
1904,G,DOROTHY,,5
1904,G,ANNIE,,6
1904,G,MARGARET,,7
1904,G,ALICE,,8
1904,G,ELIZABETH,,9
1904,G,ELSIE,,10
1904,G,GLADYS,,11
1904,G,WINIFRED,,12
1904,G,ETHEL,,13
1904,G,HILDA,,14
1904,G,LILIAN,,15
1904,G,IVY,,16
1904,G,VIOLET,,17
1904,G,KATHLEEN,,18
1904,G,ELLEN,,19
1904,G,LILY,,20
1904,G,SARAH,,21
1904,G,NELLIE,,22
1904,G,EMILY,,23
1904,G,MABEL,,24
1904,G,ADA,,25
1904,G,BEATRICE,,26
1904,G,MARJORIE,,27
1904,G,MAY,,28
1904,G,ROSE,,29
1904,G,OLIVE,,30
1904,G,EVELYN,,31
1904,G,PHYLLIS,,32
1904,G,GERTRUDE,,33
1904,G,CATHERINE,,34
1904,G,AGNES,,35
1904,G,JESSIE,,36
1904,G,FRANCES,,37
1904,G,GRACE,,38
1904,G,IRENE,,39
1904,G,EVA,,40
1904,G,CONSTANCE,,41
1904,G,EDNA,,42
1904,G,JANE,,43
1904,G,AMY,,44
1904,G,VERA,,45
1904,G,MURIEL,,46
1904,G,DAISY,,47
1904,G,MINNIE,,48
1904,G,MAUD,,49
1904,G,LUCY,,50
1904,G,EMMA,,51
1904,G,ELEANOR,,52
1904,G,LOUISA,,53
1904,G,DORA,,54
1904,G,NORA,,55
1904,G,GWENDOLINE,,56
1904,G,HELEN,,57
1904,G,IDA,,58
1904,G,CLARA,,59
1904,G,HANNAH,,60
1904,G,ANNE,,61
1904,G,NORAH,,62
1904,G,KATE,,63
1904,G,MARTHA,,64
1904,G,BERTHA,,65
1904,G,LILLIAN,,66
1904,G,ANN,,67
1904,G,MARION,,68
1904,G,BESSIE,,69
1904,G,EILEEN,,70
1904,G,LAURA,,71
1904,G,MILDRED,,72
1904,G,RUTH,,73
1904,G,ISABELLA,,74
1904,G,CHARLOTTE,,75
1904,G,ESTHER,,76
1904,G,RUBY,,77
1904,G,HARRIET,,78
1904,G,MARIE,,79
1904,G,MARIA,,80
1904,G,CAROLINE,,81
1904,G,BARBARA,,82
1904,G,ELIZA,,83
1904,G,ROSINA,,84
1904,G,AMELIA,,85
1904,G,FREDA,,86
1904,G,MILLICENT,,87
1904,G,JANET,,88
1904,G,FANNY,,89
1904,G,JOAN,,90
1904,G,LYDIA,,91
1904,G,IRIS,,92
1904,G,BLANCHE,,93
1904,G,MIRIAM,,94
1904,G,JEAN,,95
1904,G,RACHEL,,96
1904,G,ELLA,,97
1904,G,MARGERY,,98
1904,G,CHRISTINA,,99
1904,G,NANCY,,100
1914,B,JOHN,,1
1914,B,WILLIAM,,2
1914,B,GEORGE,,3
1914,B,THOMAS,,4
1914,B,JAMES,,5
1914,B,ARTHUR,,6
1914,B,FREDERICK,,7
1914,B,ALBERT,,8
1914,B,CHARLES,,9
1914,B,ROBERT,,10
1914,B,EDWARD,,11
1914,B,JOSEPH,,12
1914,B,ERNEST,,13
1914,B,ALFRED,,14
1914,B,FRANK,,15
1914,B,HENRY,,16
1914,B,LESLIE,,17
1914,B,HAROLD,,18
1914,B,HARRY,,19
1914,B,LEONARD,,20
1914,B,RONALD,,21
1914,B,STANLEY,,22
1914,B,WALTER,,23
1914,B,REGINALD,,24
1914,B,HERBERT,,25
1914,B,RICHARD,,26
1914,B,ERIC,,27
1914,B,NORMAN,,28
1914,B,CYRIL,,29
1914,B,JACK,,30
1914,B,SIDNEY,,31
1914,B,DAVID,,32
1914,B,KENNETH,,33
1914,B,FRANCIS,,34
1914,B,WILFRED,,35
1914,B,SAMUEL,,36
1914,B,SYDNEY,,37
1914,B,PATRICK,,38
1914,B,MICHAEL,,39
1914,B,BERNARD,,40
1914,B,DONALD,,41
1914,B,PETER,,42
1914,B,HORACE,,43
1914,B,PERCY,,44
1914,B,CLIFFORD,,45
1914,B,CECIL,,46
1914,B,FRED,,47
1914,B,MAURICE,,48
1914,B,VICTOR,,49
1914,B,EDWIN,,50
1914,B,RAYMOND,,51
1914,B,PHILIP,,52
1914,B,ALEXANDER,,53
1914,B,GORDON,,54
1914,B,GEOFFREY,,55
1914,B,DENNIS,,56
1914,B,DOUGLAS,,57
1914,B,ALAN,,58
1914,B,DANIEL,,59
1914,B,RALPH,,60
1914,B,HUGH,,61
1914,B,LAWRENCE,,62
1914,B,BENJAMIN,,63
1914,B,ROY,,64
1914,B,EDGAR,,65
1914,B,CHRISTOPHER,,66
1914,B,ANDREW,,67
1914,B,STEPHEN,,68
1914,B,DENIS,,69
1914,B,GERALD,,70
1914,B,HUBERT,,71
1914,B,GILBERT,,72
1914,B,IVOR,,73
1914,B,TOM,,74
1914,B,ARNOLD,,75
1914,B,ANTHONY,,76
1914,B,BERTRAM,,77
1914,B,LEWIS,,78
1914,B,LOUIS,,79
1914,B,EDMUND,,80
1914,B,LIONEL,,81
1914,B,COLIN,,82
1914,B,ROLAND,,83
1914,B,ALEC,,84
1914,B,MATTHEW,,85
1914,B,MARTIN,,86
1914,B,LAURENCE,,87
1914,B,ARCHIBALD,,88
1914,B,ALLAN,,89
1914,B,CLARENCE,,90
1914,B,VINCENT,,91
1914,B,BASIL,,92
1914,B,PAUL,,93
1914,B,PERCIVAL,,94
1914,B,HOWARD,,95
1914,B,EVAN,,96
1914,B,CLAUDE,,97
1914,B,OWEN,,98
1914,B,PHILLIP,,99
1914,B,TREVOR,,100
1914,G,MARY,,1
1914,G,MARGARET,,2
1914,G,DORIS,,3
1914,G,DOROTHY,,4
1914,G,KATHLEEN,,5
1914,G,FLORENCE,,6
1914,G,ELSIE,,7
1914,G,EDITH,,8
1914,G,ELIZABETH,,9
1914,G,WINIFRED,,10
1914,G,GLADYS,,11
1914,G,ANNIE,,12
1914,G,ALICE,,13
1914,G,PHYLLIS,,14
1914,G,HILDA,,15
1914,G,LILIAN,,16
1914,G,IVY,,17
1914,G,MARJORIE,,18
1914,G,ETHEL,,19
1914,G,VIOLET,,20
1914,G,IRENE,,21
1914,G,EDNA,,22
1914,G,VERA,,23
1914,G,ELLEN,,24
1914,G,LILY,,25
1914,G,OLIVE,,26
1914,G,EILEEN,,27
1914,G,EVELYN,,28
1914,G,JOAN,,29
1914,G,ROSE,,30
1914,G,SARAH,,31
1914,G,NELLIE,,32
1914,G,BEATRICE,,33
1914,G,MABEL,,34
1914,G,MAY,,35
1914,G,CATHERINE,,36
1914,G,FRANCES,,37
1914,G,EMILY,,38
1914,G,ADA,,39
1914,G,JESSIE,,40
1914,G,MURIEL,,41
1914,G,GRACE,,42
1914,G,AGNES,,43
1914,G,CONSTANCE,,44
1914,G,GWENDOLINE,,45
1914,G,GERTRUDE,,46
1914,G,NORA,,47
1914,G,EVA,,48
1914,G,JOYCE,,49
1914,G,NANCY,,50
1914,G,JANE,,51
1914,G,FREDA,,52
1914,G,BARBARA,,53
1914,G,DAISY,,54
1914,G,ANNE,,55
1914,G,NORAH,,56
1914,G,AMY,,57
1914,G,IRIS,,58
1914,G,DORA,,59
1914,G,HELEN,,60
1914,G,LUCY,,61
1914,G,RUTH,,62
1914,G,MARION,,63
1914,G,MAUD,,64
1914,G,BETTY,,65
1914,G,MINNIE,,66
1914,G,ELEANOR,,67
1914,G,RUBY,,68
1914,G,IDA,,69
1914,G,HANNAH,,70
1914,G,LILLIAN,,71
1914,G,ANN,,72
1914,G,LOUISA,,73
1914,G,BESSIE,,74
1914,G,JEAN,,75
1914,G,CLARA,,76
1914,G,MARIE,,77
1914,G,DOREEN,,78
1914,G,EMMA,,79
1914,G,MILDRED,,80
1914,G,ISABELLA,,81
1914,G,SYLVIA,,82
1914,G,ESTHER,,83
1914,G,MARTHA,,84
1914,G,BERTHA,,85
1914,G,AUDREY,,86
1914,G,LAURA,,87
1914,G,MARGERY,,88
1914,G,ROSINA,,89
1914,G,MARIA,,90
1914,G,JANET,,91
1914,G,BRIDGET,,92
1914,G,BERYL,,93
1914,G,ENID,,94
1914,G,JOSEPHINE,,95
1914,G,CHARLOTTE,,96
1914,G,KATE,,97
1914,G,AMELIA,,98
1914,G,PATRICIA,,99
1914,G,MILLICENT,,100
1924,B,JOHN,,1
1924,B,WILLIAM,,2
1924,B,GEORGE,,3
1924,B,JAMES,,4
1924,B,THOMAS,,5
1924,B,RONALD,,6
1924,B,KENNETH,,7
1924,B,ROBERT,,8
1924,B,ARTHUR,,9
1924,B,FREDERICK,,10
1924,B,PETER,,11
1924,B,EDWARD,,12
1924,B,ALBERT,,13
1924,B,CHARLES,,14
1924,B,LESLIE,,15
1924,B,JOSEPH,,16
1924,B,STANLEY,,17
1924,B,ERIC,,18
1924,B,FRANK,,19
1924,B,DENNIS,,20
1924,B,DAVID,,21
1924,B,NORMAN,,22
1924,B,ERNEST,,23
1924,B,HENRY,,24
1924,B,LEONARD,,25
1924,B,HAROLD,,26
1924,B,ALFRED,,27
1924,B,RAYMOND,,28
1924,B,DONALD,,29
1924,B,HARRY,,30
1924,B,REGINALD,,31
1924,B,RICHARD,,32
1924,B,JACK,,33
1924,B,WALTER,,34
1924,B,CYRIL,,35
1924,B,GEOFFREY,,36
1924,B,ALAN,,37
1924,B,DOUGLAS,,38
1924,B,GORDON,,39
1924,B,MICHAEL,,40
1924,B,ROY,,41
1924,B,BERNARD,,42
1924,B,FRANCIS,,43
1924,B,PATRICK,,44
1924,B,SIDNEY,,45
1924,B,HERBERT,,46
1924,B,MAURICE,,47
1924,B,CLIFFORD,,48
1924,B,ANTHONY,,49
1924,B,VICTOR,,50
1924,B,GERALD,,51
1924,B,DEREK,,52
1924,B,PHILIP,,53
1924,B,ALEXANDER,,54
1924,B,WILFRED,,55
1924,B,EDWIN,,56
1924,B,SAMUEL,,57
1924,B,DENIS,,58
1924,B,SYDNEY,,59
1924,B,CECIL,,60
1924,B,COLIN,,61
1924,B,LAWRENCE,,62
1924,B,FRED,,63
1924,B,RALPH,,64
1924,B,DESMOND,,65
1924,B,BRIAN,,66
1924,B,PERCY,,67
1924,B,TERENCE,,68
1924,B,CHRISTOPHER,,69
1924,B,HORACE,,70
1924,B,HUGH,,71
1924,B,DANIEL,,72
1924,B,ANDREW,,73
1924,B,DERRICK,,74
1924,B,ALLAN,,75
1924,B,STEPHEN,,76
1924,B,IVOR,,77
1924,B,VINCENT,,78
1924,B,TREVOR,,79
1924,B,BASIL,,80
1924,B,ARNOLD,,81
1924,B,ROLAND,,82
1924,B,BENJAMIN,,83
1924,B,EDGAR,,84
1924,B,IAN,,85
1924,B,KEITH,,86
1924,B,HUBERT,,87
1924,B,PAUL,,88
1924,B,MARTIN,,89
1924,B,LIONEL,,90
1924,B,MOHAMMED,,91
1924,B,GRAHAM,,92
1924,B,HOWARD,,93
1924,B,ALEC,,94
1924,B,GILBERT,,95
1924,B,EDMUND,,96
1924,B,IVAN,,97
1924,B,LEWIS,,98
1924,B,OWEN,,99
1924,B,LAURENCE,,100
1924,G,MARGARET,,1
1924,G,MARY,,2
1924,G,JOAN,,3
1924,G,JOYCE,,4
1924,G,DOROTHY,,5
1924,G,KATHLEEN,,6
1924,G,DORIS,,7
1924,G,IRENE,,8
1924,G,ELIZABETH,,9
1924,G,EILEEN,,10
1924,G,BETTY,,11
1924,G,JEAN,,12
1924,G,MARJORIE,,13
1924,G,GLADYS,,14
1924,G,DOREEN,,15
1924,G,VERA,,16
1924,G,ELSIE,,17
1924,G,BARBARA,,18
1924,G,WINIFRED,,19
1924,G,EDNA,,20
1924,G,AUDREY,,21
1924,G,EDITH,,22
1924,G,FLORENCE,,23
1924,G,PHYLLIS,,24
1924,G,LILIAN,,25
1924,G,HILDA,,26
1924,G,OLIVE,,27
1924,G,ANNIE,,28
1924,G,VIOLET,,29
1924,G,ALICE,,30
1924,G,PATRICIA,,31
1924,G,IVY,,32
1924,G,MURIEL,,33
1924,G,IRIS,,34
1924,G,EVELYN,,35
1924,G,PEGGY,,36
1924,G,CATHERINE,,37
1924,G,ETHEL,,38
1924,G,BERYL,,39
1924,G,GWENDOLINE,,40
1924,G,ELLEN,,41
1924,G,SYLVIA,,42
1924,G,SHEILA,,43
1924,G,ROSE,,44
1924,G,CONSTANCE,,45
1924,G,FRANCES,,46
1924,G,LILY,,47
1924,G,FREDA,,48
1924,G,MARION,,49
1924,G,NANCY,,50
1924,G,GRACE,,51
1924,G,BEATRICE,,52
1924,G,SARAH,,53
1924,G,AGNES,,54
1924,G,RUTH,,55
1924,G,MAY,,56
1924,G,NORA,,57
1924,G,BRENDA,,58
1924,G,JESSIE,,59
1924,G,PAMELA,,60
1924,G,ANNE,,61
1924,G,HELEN,,62
1924,G,MARIE,,63
1924,G,MABEL,,64
1924,G,EVA,,65
1924,G,MARIA,,66
1924,G,RUBY,,67
1924,G,NELLIE,,68
1924,G,HAZEL,,69
1924,G,EMILY,,70
1924,G,JOSEPHINE,,71
1924,G,DAPHNE,,72
1924,G,JANE,,73
1924,G,ADA,,74
1924,G,PAULINE,,75
1924,G,ANN,,76
1924,G,ENID,,77
1924,G,GERTRUDE,,78
1924,G,RITA,,79
1924,G,JUNE,,80
1924,G,STELLA,,81
1924,G,NORAH,,82
1924,G,MAVIS,,83
1924,G,THELMA,,84
1924,G,MILDRED,,85
1924,G,BRIDGET,,86
1924,G,MONICA,,87
1924,G,DAISY,,88
1924,G,ELEANOR,,89
1924,G,LILLIAN,,90
1924,G,ALMA,,91
1924,G,LUCY,,92
1924,G,DORA,,93
1924,G,CHRISTINE,,94
1924,G,MAUREEN,,95
1924,G,JANET,,96
1924,G,ROSEMARY,,97
1924,G,HANNAH,,98
1924,G,SYBIL,,99
1924,G,AMY,,100
1934,B,JOHN,,1
1934,B,PETER,,2
1934,B,WILLIAM,,3
1934,B,BRIAN,,4
1934,B,DAVID,,5
1934,B,JAMES,,6
1934,B,MICHAEL,,7
1934,B,RONALD,,8
1934,B,KENNETH,,9
1934,B,GEORGE,,10
1934,B,ROBERT,,11
1934,B,THOMAS,,12
1934,B,ALAN,,13
1934,B,DEREK,,14
1934,B,RAYMOND,,15
1934,B,ANTHONY,,16
1934,B,ROY,,17
1934,B,DONALD,,18
1934,B,DENNIS,,19
1934,B,EDWARD,,20
1934,B,GORDON,,21
1934,B,TERENCE,,22
1934,B,JOSEPH,,23
1934,B,FREDERICK,,24
1934,B,ARTHUR,,25
1934,B,COLIN,,26
1934,B,ERIC,,27
1934,B,RICHARD,,28
1934,B,CHARLES,,29
1934,B,NORMAN,,30
1934,B,LESLIE,,31
1934,B,PATRICK,,32
1934,B,GEOFFREY,,33
1934,B,FRANK,,34
1934,B,ALBERT,,35
1934,B,KEITH,,36
1934,B,LEONARD,,37
1934,B,BERNARD,,38
1934,B,STANLEY,,39
1934,B,GERALD,,40
1934,B,REGINALD,,41
1934,B,FRANCIS,,42
1934,B,MAURICE,,43
1934,B,DOUGLAS,,44
1934,B,HENRY,,45
1934,B,MALCOLM,,46
1934,B,ERNEST,,47
1934,B,HAROLD,,48
1934,B,ALFRED,,49
1934,B,GRAHAM,,50
1934,B,HARRY,,51
1934,B,JACK,,52
1934,B,BARRY,,53
1934,B,WALTER,,54
1934,B,IAN,,55
1934,B,PHILIP,,56
1934,B,CHRISTOPHER,,57
1934,B,BRYAN,,58
1934,B,TREVOR,,59
1934,B,CLIFFORD,,60
1934,B,CYRIL,,61
1934,B,VICTOR,,62
1934,B,PAUL,,63
1934,B,DENIS,,64
1934,B,ALLAN,,65
1934,B,ALEXANDER,,66
1934,B,ROGER,,67
1934,B,MOHAMMED,,68
1934,B,SIDNEY,,69
1934,B,CLIVE,,70
1934,B,DANIEL,,71
1934,B,LAWRENCE,,72
1934,B,HERBERT,,73
1934,B,EDWIN,,74
1934,B,SAMUEL,,75
1934,B,RALPH,,76
1934,B,DERRICK,,77
1934,B,ABDUL,,78
1934,B,ANDREW,,79
1934,B,MARTIN,,80
1934,B,HUGH,,81
1934,B,ROBIN,,82
1934,B,NEVILLE,,83
1934,B,STEPHEN,,84
1934,B,VINCENT,,85
1934,B,JEFFREY,,86
1934,B,IVOR,,87
1934,B,DESMOND,,88
1934,B,WILFRED,,89
1934,B,SYDNEY,,90
1934,B,IVAN,,91
1934,B,BARRIE,,92
1934,B,ROYSTON,,93
1934,B,CECIL,,94
1934,B,NEIL,,95
1934,B,NOEL,,96
1934,B,FRED,,97
1934,B,ARNOLD,,98
1934,B,RODNEY,,99
1934,B,ALEC,,100
1934,G,MARGARET,,1
1934,G,JEAN,,2
1934,G,MARY,,3
1934,G,JOAN,,4
1934,G,PATRICIA,,5
1934,G,SHEILA,,6
1934,G,BARBARA,,7
1934,G,DOREEN,,8
1934,G,JUNE,,9
1934,G,SHIRLEY,,10
1934,G,DOROTHY,,11
1934,G,JOYCE,,12
1934,G,MAUREEN,,13
1934,G,ELIZABETH,,14
1934,G,AUDREY,,15
1934,G,BRENDA,,16
1934,G,KATHLEEN,,17
1934,G,SYLVIA,,18
1934,G,EILEEN,,19
1934,G,PAMELA,,20
1934,G,BETTY,,21
1934,G,BERYL,,22
1934,G,ANN,,23
1934,G,IRENE,,24
1934,G,JANET,,25
1934,G,ANNE,,26
1934,G,RITA,,27
1934,G,PAULINE,,28
1934,G,MAVIS,,29
1934,G,IRIS,,30
1934,G,MARJORIE,,31
1934,G,VALERIE,,32
1934,G,DORIS,,33
1934,G,MARION,,34
1934,G,MARINA,,35
1934,G,CATHERINE,,36
1934,G,VERA,,37
1934,G,JOSEPHINE,,38
1934,G,EDNA,,39
1934,G,LILIAN,,40
1934,G,NORMA,,41
1934,G,ROSEMARY,,42
1934,G,PHYLLIS,,43
1934,G,HAZEL,,44
1934,G,EVELYN,,45
1934,G,EDITH,,46
1934,G,OLIVE,,47
1934,G,WINIFRED,,48
1934,G,FLORENCE,,49
1934,G,RUTH,,50
1934,G,ELSIE,,51
1934,G,MURIEL,,52
1934,G,MARIE,,53
1934,G,DAPHNE,,54
1934,G,FRANCES,,55
1934,G,CHRISTINE,,56
1934,G,THELMA,,57
1934,G,GLADYS,,58
1934,G,MARIA,,59
1934,G,GWENDOLINE,,60
1934,G,HILDA,,61
1934,G,VIOLET,,62
1934,G,HELEN,,63
1934,G,ROSE,,64
1934,G,CYNTHIA,,65
1934,G,ALICE,,66
1934,G,GILLIAN,,67
1934,G,ENID,,68
1934,G,ANNIE,,69
1934,G,YVONNE,,70
1934,G,FREDA,,71
1934,G,ELLEN,,72
1934,G,IVY,,73
1934,G,JANE,,74
1934,G,PEGGY,,75
1934,G,SARAH,,76
1934,G,MARLENE,,77
1934,G,NANCY,,78
1934,G,BRIDGET,,79
1934,G,DIANA,,80
1934,G,GRACE,,81
1934,G,TERESA,,82
1934,G,VERONICA,,83
1934,G,AGNES,,84
1934,G,ANGELA,,85
1934,G,CONSTANCE,,86
1934,G,JENNIFER,,87
1934,G,MARIAN,,88
1934,G,JILL,,89
1934,G,WENDY,,90
1934,G,ETHEL,,91
1934,G,JOY,,92
1934,G,JACQUELINE,,93
1934,G,GLORIA,,94
1934,G,LILY,,95
1934,G,MOLLY,,96
1934,G,HEATHER,,97
1934,G,MAY,,98
1934,G,MONICA,,99
1934,G,JUDITH,,100
1944,B,JOHN,,1
1944,B,DAVID,,2
1944,B,MICHAEL,,3
1944,B,PETER,,4
1944,B,ROBERT,,5
1944,B,ANTHONY,,6
1944,B,BRIAN,,7
1944,B,ALAN,,8
1944,B,WILLIAM,,9
1944,B,JAMES,,10
1944,B,RICHARD,,11
1944,B,KENNETH,,12
1944,B,ROGER,,13
1944,B,KEITH,,14
1944,B,COLIN,,15
1944,B,CHRISTOPHER,,16
1944,B,RAYMOND,,17
1944,B,TERENCE,,18
1944,B,THOMAS,,19
1944,B,BARRY,,20
1944,B,GEORGE,,21
1944,B,GRAHAM,,22
1944,B,IAN,,23
1944,B,MALCOLM,,24
1944,B,GEOFFREY,,25
1944,B,RONALD,,26
1944,B,DEREK,,27
1944,B,PAUL,,28
1944,B,EDWARD,,29
1944,B,ROY,,30
1944,B,PATRICK,,31
1944,B,PHILIP,,32
1944,B,TREVOR,,33
1944,B,DENNIS,,34
1944,B,LESLIE,,35
1944,B,JOSEPH,,36
1944,B,BERNARD,,37
1944,B,CHARLES,,38
1944,B,ERIC,,39
1944,B,STEPHEN,,40
1944,B,MARTIN,,41
1944,B,FREDERICK,,42
1944,B,NORMAN,,43
1944,B,GORDON,,44
1944,B,ANDREW,,45
1944,B,FRANK,,46
1944,B,ARTHUR,,47
1944,B,RODNEY,,48
1944,B,GERALD,,49
1944,B,CLIVE,,50
1944,B,JEFFREY,,51
1944,B,DOUGLAS,,52
1944,B,DONALD,,53
1944,B,FRANCIS,,54
1944,B,STUART,,55
1944,B,VICTOR,,56
1944,B,ROBIN,,57
1944,B,ALLAN,,58
1944,B,LEONARD,,59
1944,B,STANLEY,,60
1944,B,ALBERT,,61
1944,B,MAURICE,,62
1944,B,HENRY,,63
1944,B,HOWARD,,64
1944,B,HARRY,,65
1944,B,ALEXANDER,,66
1944,B,KEVIN,,67
1944,B,CLIFFORD,,68
1944,B,NIGEL,,69
1944,B,BARRIE,,70
1944,B,REGINALD,,71
1944,B,ERNEST,,72
1944,B,ALFRED,,73
1944,B,ADRIAN,,74
1944,B,HAROLD,,75
1944,B,NICHOLAS,,76
1944,B,TIMOTHY,,77
1944,B,MELVYN,,78
1944,B,BRYAN,,79
1944,B,NEIL,,80
1944,B,JACK,,81
1944,B,DANIEL,,82
1944,B,LAWRENCE,,83
1944,B,HUGH,,84
1944,B,DENIS,,85
1944,B,WALTER,,86
1944,B,MOHAMMED,,87
1944,B,TERRY,,88
1944,B,EDWIN,,89
1944,B,RALPH,,90
1944,B,IVAN,,91
1944,B,BRUCE,,92
1944,B,PHILLIP,,93
1944,B,VINCENT,,94
1944,B,GARY,,95
1944,B,TONY,,96
1944,B,SAMUEL,,97
1944,B,CYRIL,,98
1944,B,SIDNEY,,99
1944,B,ROYSTON,,100
1944,G,MARGARET,,1
1944,G,PATRICIA,,2
1944,G,CHRISTINE,,3
1944,G,MARY,,4
1944,G,JEAN,,5
1944,G,ANN,,6
1944,G,SUSAN,,7
1944,G,JANET,,8
1944,G,MAUREEN,,9
1944,G,BARBARA,,10
1944,G,VALERIE,,11
1944,G,CAROL,,12
1944,G,SANDRA,,13
1944,G,PAULINE,,14
1944,G,ELIZABETH,,15
1944,G,JOAN,,16
1944,G,PAMELA,,17
1944,G,JENNIFER,,18
1944,G,KATHLEEN,,19
1944,G,ANNE,,20
1944,G,SHEILA,,21
1944,G,BRENDA,,22
1944,G,GILLIAN,,23
1944,G,LINDA,,24
1944,G,JACQUELINE,,25
1944,G,SYLVIA,,26
1944,G,CAROLE,,27
1944,G,EILEEN,,28
1944,G,WENDY,,29
1944,G,JUDITH,,30
1944,G,DOROTHY,,31
1944,G,JUNE,,32
1944,G,JOYCE,,33
1944,G,IRENE,,34
1944,G,DIANE,,35
1944,G,ROSEMARY,,36
1944,G,ANGELA,,37
1944,G,DOREEN,,38
1944,G,SHIRLEY,,39
1944,G,MARION,,40
1944,G,RITA,,41
1944,G,CATHERINE,,42
1944,G,YVONNE,,43
1944,G,JOSEPHINE,,44
1944,G,HELEN,,45
1944,G,BERYL,,46
1944,G,HAZEL,,47
1944,G,FRANCES,,48
1944,G,JANICE,,49
1944,G,ELAINE,,50
1944,G,DIANA,,51
1944,G,VERONICA,,52
1944,G,JANE,,53
1944,G,MARILYN,,54
1944,G,LESLEY,,55
1944,G,NORMA,,56
1944,G,MARIA,,57
1944,G,HEATHER,,58
1944,G,GLORIA,,59
1944,G,MARIE,,60
1944,G,MARJORIE,,61
1944,G,HILARY,,62
1944,G,JILL,,63
1944,G,CYNTHIA,,64
1944,G,RUTH,,65
1944,G,MAVIS,,66
1944,G,AUDREY,,67
1944,G,MARLENE,,68
1944,G,BETTY,,69
1944,G,JULIA,,70
1944,G,EVELYN,,71
1944,G,PENELOPE,,72
1944,G,LYNDA,,73
1944,G,CHRISTINA,,74
1944,G,JEANETTE,,75
1944,G,CAROLYN,,76
1944,G,IRIS,,77
1944,G,ANITA,,78
1944,G,DENISE,,79
1944,G,KAY,,80
1944,G,MARIAN,,81
1944,G,VERA,,82
1944,G,TERESA,,83
1944,G,GEORGINA,,84
1944,G,SALLY,,85
1944,G,SARAH,,86
1944,G,BRIDGET,,87
1944,G,LILIAN,,88
1944,G,MONICA,,89
1944,G,JOY,,90
1944,G,GLENYS,,91
1944,G,JULIE,,92
1944,G,VIVIENNE,,93
1944,G,DAPHNE,,94
1944,G,CAROLINE,,95
1944,G,PHYLLIS,,96
1944,G,GWENDOLINE,,97
1944,G,GERALDINE,,98
1944,G,DORIS,,99
1944,G,MURIEL,,100
1954,B,DAVID,,1
1954,B,JOHN,,2
1954,B,STEPHEN,,3
1954,B,MICHAEL,,4
1954,B,PETER,,5
1954,B,ROBERT,,6
1954,B,PAUL,,7
1954,B,ALAN,,8
1954,B,CHRISTOPHER,,9
1954,B,RICHARD,,10
1954,B,ANTHONY,,11
1954,B,ANDREW,,12
1954,B,IAN,,13
1954,B,JAMES,,14
1954,B,WILLIAM,,15
1954,B,PHILIP,,16
1954,B,BRIAN,,17
1954,B,KEITH,,18
1954,B,GRAHAM,,19
1954,B,KEVIN,,20
1954,B,MARTIN,,21
1954,B,COLIN,,22
1954,B,STEVEN,,23
1954,B,THOMAS,,24
1954,B,KENNETH,,25
1954,B,RAYMOND,,26
1954,B,NIGEL,,27
1954,B,GEOFFREY,,28
1954,B,TERENCE,,29
1954,B,TREVOR,,30
1954,B,MALCOLM,,31
1954,B,MARK,,32
1954,B,BARRY,,33
1954,B,GARY,,34
1954,B,GEORGE,,35
1954,B,NICHOLAS,,36
1954,B,DEREK,,37
1954,B,CHARLES,,38
1954,B,PATRICK,,39
1954,B,TIMOTHY,,40
1954,B,ROGER,,41
1954,B,LESLIE,,42
1954,B,RONALD,,43
1954,B,CLIVE,,44
1954,B,EDWARD,,45
1954,B,NEIL,,46
1954,B,JOSEPH,,47
1954,B,JEFFREY,,48
1954,B,STUART,,49
1954,B,ROY,,50
1954,B,GORDON,,51
1954,B,JONATHAN,,52
1954,B,SIMON,,53
1954,B,ADRIAN,,54
1954,B,DENNIS,,55
1954,B,MOHAMMED,,56
1954,B,PHILLIP,,57
1954,B,ALLAN,,58
1954,B,ROBIN,,59
1954,B,GERALD,,60
1954,B,FRANCIS,,61
1954,B,ERIC,,62
1954,B,BERNARD,,63
1954,B,DONALD,,64
1954,B,FRANK,,65
1954,B,NORMAN,,66
1954,B,FREDERICK,,67
1954,B,HOWARD,,68
1954,B,DOUGLAS,,69
1954,B,JEREMY,,70
1954,B,ALEXANDER,,71
1954,B,ARTHUR,,72
1954,B,DANIEL,,73
1954,B,ABDUL,,74
1954,B,MARTYN,,75
1954,B,LEONARD,,76
1954,B,LAWRENCE,,77
1954,B,GERARD,,78
1954,B,TONY,,79
1954,B,BRYAN,,80
1954,B,CLIFFORD,,81
1954,B,GARRY,,82
1954,B,HENRY,,83
1954,B,MOHAMMAD,,84
1954,B,GARETH,,85
1954,B,STANLEY,,86
1954,B,VINCENT,,87
1954,B,VICTOR,,88
1954,B,HUGH,,89
1954,B,MOHAMED,,90
1954,B,STEWART,,91
1954,B,TERRY,,92
1954,B,ALBERT,,93
1954,B,GREGORY,,94
1954,B,MAURICE,,95
1954,B,JULIAN,,96
1954,B,DENIS,,97
1954,B,GLENN,,98
1954,B,ANTONY,,99
1954,B,HARRY,,100
1954,G,SUSAN,,1
1954,G,LINDA,,2
1954,G,CHRISTINE,,3
1954,G,MARGARET,,4
1954,G,JANET,,5
1954,G,PATRICIA,,6
1954,G,CAROL,,7
1954,G,ELIZABETH,,8
1954,G,MARY,,9
1954,G,ANNE,,10
1954,G,ANN,,11
1954,G,JANE,,12
1954,G,JACQUELINE,,13
1954,G,BARBARA,,14
1954,G,SANDRA,,15
1954,G,GILLIAN,,16
1954,G,PAULINE,,17
1954,G,ELAINE,,18
1954,G,LESLEY,,19
1954,G,ANGELA,,20
1954,G,PAMELA,,21
1954,G,HELEN,,22
1954,G,JENNIFER,,23
1954,G,VALERIE,,24
1954,G,JEAN,,25
1954,G,CATHERINE,,26
1954,G,JULIE,,27
1954,G,KATHLEEN,,28
1954,G,DENISE,,29
1954,G,MAUREEN,,30
1954,G,JUDITH,,31
1954,G,WENDY,,32
1954,G,DIANE,,33
1954,G,SHEILA,,34
1954,G,JANICE,,35
1954,G,LYNN,,36
1954,G,KAREN,,37
1954,G,YVONNE,,38
1954,G,LYNNE,,39
1954,G,SHIRLEY,,40
1954,G,MARION,,41
1954,G,MARIA,,42
1954,G,ROSEMARY,,43
1954,G,CAROLE,,44
1954,G,JOAN,,45
1954,G,MARILYN,,46
1954,G,JUNE,,47
1954,G,LORRAINE,,48
1954,G,LYNDA,,49
1954,G,SALLY,,50
1954,G,MARIAN,,51
1954,G,BRENDA,,52
1954,G,ALISON,,53
1954,G,TERESA,,54
1954,G,JULIA,,55
1954,G,HEATHER,,56
1954,G,MARIE,,57
1954,G,EILEEN,,58
1954,G,DEBORAH,,59
1954,G,KATHRYN,,60
1954,G,HILARY,,61
1954,G,CAROLINE,,62
1954,G,SHARON,,63
1954,G,SYLVIA,,64
1954,G,RUTH,,65
1954,G,IRENE,,66
1954,G,DOROTHY,,67
1954,G,SARAH,,68
1954,G,FRANCES,,69
1954,G,JOSEPHINE,,70
1954,G,JILL,,71
1954,G,JOYCE,,72
1954,G,HAZEL,,73
1954,G,ANNETTE,,74
1954,G,BEVERLEY,,75
1954,G,GAIL,,76
1954,G,RITA,,77
1954,G,GERALDINE,,78
1954,G,DIANA,,79
1954,G,CAROLYN,,80
1954,G,CHRISTINA,,81
1954,G,PENELOPE,,82
1954,G,JEANETTE,,83
1954,G,SUZANNE,,84
1954,G,AMANDA,,85
1954,G,DAWN,,86
1954,G,THERESA,,87
1954,G,ANNA,,88
1954,G,JOY,,89
1954,G,DOREEN,,90
1954,G,FIONA,,91
1954,G,CHERYL,,92
1954,G,KAY,,93
1954,G,GLYNIS,,94
1954,G,ANITA,,95
1954,G,STEPHANIE,,96
1954,G,NICOLA,,97
1954,G,VERONICA,,98
1954,G,ANDREA,,99
1954,G,AUDREY,,100
1964,B,DAVID,,1
1964,B,PAUL,,2
1964,B,ANDREW,,3
1964,B,MARK,,4
1964,B,JOHN,,5
1964,B,MICHAEL,,6
1964,B,STEPHEN,,7
1964,B,IAN,,8
1964,B,ROBERT,,9
1964,B,RICHARD,,10
1964,B,CHRISTOPHER,,11
1964,B,PETER,,12
1964,B,SIMON,,13
1964,B,ANTHONY,,14
1964,B,KEVIN,,15
1964,B,GARY,,16
1964,B,STEVEN,,17
1964,B,MARTIN,,18
1964,B,JAMES,,19
1964,B,PHILIP,,20
1964,B,ALAN,,21
1964,B,NEIL,,22
1964,B,NIGEL,,23
1964,B,TIMOTHY,,24
1964,B,COLIN,,25
1964,B,GRAHAM,,26
1964,B,JONATHAN,,27
1964,B,NICHOLAS,,28
1964,B,WILLIAM,,29
1964,B,ADRIAN,,30
1964,B,BRIAN,,31
1964,B,STUART,,32
1964,B,KEITH,,33
1964,B,THOMAS,,34
1964,B,PATRICK,,35
1964,B,SEAN,,36
1964,B,CARL,,37
1964,B,TREVOR,,38
1964,B,WAYNE,,39
1964,B,SHAUN,,40
1964,B,KENNETH,,41
1964,B,BARRY,,42
1964,B,DEREK,,43
1964,B,DEAN,,44
1964,B,RAYMOND,,45
1964,B,ANTONY,,46
1964,B,JEREMY,,47
1964,B,JOSEPH,,48
1964,B,EDWARD,,49
1964,B,LEE,,50
1964,B,TERENCE,,51
1964,B,MATTHEW,,52
1964,B,DANIEL,,53
1964,B,GEORGE,,54
1964,B,RUSSELL,,55
1964,B,CHARLES,,56
1964,B,JEFFREY,,57
1964,B,CLIVE,,58
1964,B,PHILLIP,,59
1964,B,CRAIG,,60
1964,B,ROGER,,61
1964,B,JULIAN,,62
1964,B,GEOFFREY,,63
1964,B,KARL,,64
1964,B,MALCOLM,,65
1964,B,DARREN,,66
1964,B,TONY,,67
1964,B,ADAM,,68
1964,B,ROBIN,,69
1964,B,GARRY,,70
1964,B,ROY,,71
1964,B,VINCENT,,72
1964,B,MOHAMMED,,73
1964,B,GORDON,,74
1964,B,DUNCAN,,75
1964,B,LESLIE,,76
1964,B,ALEXANDER,,77
1964,B,GREGORY,,78
1964,B,GARETH,,79
1964,B,RONALD,,80
1964,B,DOUGLAS,,81
1964,B,FRANCIS,,82
1964,B,STEWART,,83
1964,B,GRAEME,,84
1964,B,GUY,,85
1964,B,TERRY,,86
1964,B,MARTYN,,87
1964,B,ERIC,,88
1964,B,ALLAN,,89
1964,B,GERARD,,90
1964,B,GERALD,,91
1964,B,HOWARD,,92
1964,B,JASON,,93
1964,B,IAIN,,94
1964,B,GLENN,,95
1964,B,DENNIS,,96
1964,B,GAVIN,,97
1964,B,BRUCE,,98
1964,B,DONALD,,99
1964,B,DOMINIC,,100
1964,G,SUSAN,,1
1964,G,JULIE,,2
1964,G,KAREN,,3
1964,G,JACQUELINE,,4
1964,G,DEBORAH,,5
1964,G,TRACEY,,6
1964,G,JANE,,7
1964,G,HELEN,,8
1964,G,DIANE,,9
1964,G,SHARON,,10
1964,G,TRACY,,11
1964,G,ANGELA,,12
1964,G,SARAH,,13
1964,G,ALISON,,14
1964,G,CAROLINE,,15
1964,G,AMANDA,,16
1964,G,SANDRA,,17
1964,G,LINDA,,18
1964,G,CATHERINE,,19
1964,G,ELIZABETH,,20
1964,G,CAROL,,21
1964,G,JOANNE,,22
1964,G,WENDY,,23
1964,G,JANET,,24
1964,G,DAWN,,25
1964,G,CHRISTINE,,26
1964,G,NICOLA,,27
1964,G,GILLIAN,,28
1964,G,SALLY,,29
1964,G,MARIA,,30
1964,G,MICHELLE,,31
1964,G,DEBRA,,32
1964,G,PAULA,,33
1964,G,ANNE,,34
1964,G,LORRAINE,,35
1964,G,PATRICIA,,36
1964,G,MARY,,37
1964,G,DENISE,,38
1964,G,MARGARET,,39
1964,G,ANN,,40
1964,G,BEVERLEY,,41
1964,G,DONNA,,42
1964,G,ELAINE,,43
1964,G,FIONA,,44
1964,G,JENNIFER,,45
1964,G,LESLEY,,46
1964,G,LOUISE,,47
1964,G,MANDY,,48
1964,G,TINA,,49
1964,G,JAYNE,,50
1964,G,SUZANNE,,51
1964,G,ANDREA,,52
1964,G,PAULINE,,53
1964,G,LISA,,54
1964,G,CLAIRE,,55
1964,G,KIM,,56
1964,G,JULIA,,57
1964,G,TERESA,,58
1964,G,HEATHER,,59
1964,G,KATHRYN,,60
1964,G,LYNN,,61
1964,G,RUTH,,62
1964,G,YVONNE,,63
1964,G,JUDITH,,64
1964,G,MELANIE,,65
1964,G,MARIE,,66
1964,G,PAMELA,,67
1964,G,CAROLE,,68
1964,G,BARBARA,,69
1964,G,GAIL,,70
1964,G,LYNNE,,71
1964,G,CLARE,,72
1964,G,JANICE,,73
1964,G,RACHEL,,74
1964,G,JILL,,75
1964,G,KATHERINE,,76
1964,G,KATHLEEN,,77
1964,G,SHIRLEY,,78
1964,G,ANNETTE,,79
1964,G,CAROLYN,,80
1964,G,ANNA,,81
1964,G,SARA,,82
1964,G,VALERIE,,83
1964,G,CHERYL,,84
1964,G,JEANETTE,,85
1964,G,KAY,,86
1964,G,ANITA,,87
1964,G,MAXINE,,88
1964,G,FRANCES,,89
1964,G,JOANNA,,90
1964,G,THERESA,,91
1964,G,DEBBIE,,92
1964,G,LYNDA,,93
1964,G,MAUREEN,,94
1964,G,ROSEMARY,,95
1964,G,MICHELE,,96
1964,G,LAURA,,97
1964,G,REBECCA,,98
1964,G,SHEILA,,99
1964,G,STEPHANIE,,100
1974,B,PAUL,,1
1974,B,MARK,,2
1974,B,DAVID,,3
1974,B,ANDREW,,4
1974,B,RICHARD,,5
1974,B,CHRISTOPHER,,6
1974,B,JAMES,,7
1974,B,SIMON,,8
1974,B,MICHAEL,,9
1974,B,MATTHEW,,10
1974,B,STEPHEN,,11
1974,B,LEE,,12
1974,B,JOHN,,13
1974,B,ROBERT,,14
1974,B,DARREN,,15
1974,B,DANIEL,,16
1974,B,STEVEN,,17
1974,B,JASON,,18
1974,B,NICHOLAS,,19
1974,B,JONATHAN,,20
1974,B,IAN,,21
1974,B,NEIL,,22
1974,B,PETER,,23
1974,B,STUART,,24
1974,B,ANTHONY,,25
1974,B,MARTIN,,26
1974,B,KEVIN,,27
1974,B,CRAIG,,28
1974,B,PHILIP,,29
1974,B,GARY,,30
1974,B,SCOTT,,31
1974,B,WAYNE,,32
1974,B,TIMOTHY,,33
1974,B,BENJAMIN,,34
1974,B,ADAM,,35
1974,B,ALAN,,36
1974,B,DEAN,,37
1974,B,ADRIAN,,38
1974,B,CARL,,39
1974,B,THOMAS,,40
1974,B,WILLIAM,,41
1974,B,GRAHAM,,42
1974,B,ALEXANDER,,43
1974,B,COLIN,,44
1974,B,JAMIE,,45
1974,B,GARETH,,46
1974,B,JUSTIN,,47
1974,B,BARRY,,48
1974,B,CHRISTIAN,,49
1974,B,KARL,,50
1974,B,BRIAN,,51
1974,B,EDWARD,,52
1974,B,KEITH,,53
1974,B,MARC,,54
1974,B,NIGEL,,55
1974,B,SEAN,,56
1974,B,SHAUN,,57
1974,B,NATHAN,,58
1974,B,JOSEPH,,59
1974,B,RUSSELL,,60
1974,B,MOHAMMED,,61
1974,B,JEREMY,,62
1974,B,PHILLIP,,63
1974,B,DAMIAN,,64
1974,B,SHANE,,65
1974,B,DUNCAN,,66
1974,B,PATRICK,,67
1974,B,JULIAN,,68
1974,B,DOMINIC,,69
1974,B,CHARLES,,70
1974,B,MARCUS,,71
1974,B,GAVIN,,72
1974,B,TONY,,73
1974,B,ANTONY,,74
1974,B,ROBIN,,75
1974,B,TREVOR,,76
1974,B,GLEN,,77
1974,B,IAIN,,78
1974,B,RYAN,,79
1974,B,MARTYN,,80
1974,B,GREGORY,,81
1974,B,SAMUEL,,82
1974,B,GEORGE,,83
1974,B,OLIVER,,84
1974,B,RAYMOND,,85
1974,B,ABDUL,,86
1974,B,MATHEW,,87
1974,B,STEWART,,88
1974,B,MALCOLM,,89
1974,B,GARRY,,90
1974,B,LEON,,91
1974,B,BRETT,,92
1974,B,TERRY,,93
1974,B,KENNETH,,94
1974,B,LUKE,,95
1974,B,ROGER,,96
1974,B,GLENN,,97
1974,B,LEIGH,,98
1974,B,TERENCE,,99
1974,B,DEREK,,100
1974,G,SARAH,,1
1974,G,CLAIRE,,2
1974,G,NICOLA,,3
1974,G,EMMA,,4
1974,G,LISA,,5
1974,G,JOANNE,,6
1974,G,MICHELLE,,7
1974,G,HELEN,,8
1974,G,SAMANTHA,,9
1974,G,KAREN,,10
1974,G,AMANDA,,11
1974,G,RACHEL,,12
1974,G,LOUISE,,13
1974,G,JULIE,,14
1974,G,CLARE,,15
1974,G,REBECCA,,16
1974,G,SHARON,,17
1974,G,VICTORIA,,18
1974,G,CAROLINE,,19
1974,G,SUSAN,,20
1974,G,ALISON,,21
1974,G,CATHERINE,,22
1974,G,ELIZABETH,,23
1974,G,DEBORAH,,24
1974,G,DONNA,,25
1974,G,TRACEY,,26
1974,G,TRACY,,27
1974,G,ANGELA,,28
1974,G,JANE,,29
1974,G,ZOE,,30
1974,G,KERRY,,31
1974,G,MELANIE,,32
1974,G,SALLY,,33
1974,G,JENNIFER,,34
1974,G,DAWN,,35
1974,G,ANDREA,,36
1974,G,SUZANNE,,37
1974,G,LUCY,,38
1974,G,JOANNA,,39
1974,G,ANNA,,40
1974,G,CHARLOTTE,,41
1974,G,PAULA,,42
1974,G,KATHERINE,,43
1974,G,MARIA,,44
1974,G,MARIE,,45
1974,G,FIONA,,46
1974,G,KELLY,,47
1974,G,NATALIE,,48
1974,G,KATHRYN,,49
1974,G,JACQUELINE,,50
1974,G,WENDY,,51
1974,G,SARA,,52
1974,G,HAYLEY,,53
1974,G,LAURA,,54
1974,G,NATASHA,,55
1974,G,RUTH,,56
1974,G,LORRAINE,,57
1974,G,TINA,,58
1974,G,RACHAEL,,59
1974,G,ANNE,,60
1974,G,STEPHANIE,,61
1974,G,KIRSTY,,62
1974,G,CHRISTINE,,63
1974,G,JULIA,,64
1974,G,GILLIAN,,65
1974,G,CHERYL,,66
1974,G,HANNAH,,67
1974,G,VANESSA,,68
1974,G,ANN,,69
1974,G,JAYNE,,70
1974,G,DIANE,,71
1974,G,HEATHER,,72
1974,G,SANDRA,,73
1974,G,TERESA,,74
1974,G,KATE,,75
1974,G,LINDA,,76
1974,G,MARY,,77
1974,G,ELAINE,,78
1974,G,GEORGINA,,79
1974,G,EMILY,,80
1974,G,KATIE,,81
1974,G,ALEXANDRA,,82
1974,G,NICHOLA,,83
1974,G,CAROL,,84
1974,G,SOPHIE,,85
1974,G,HEIDI,,86
1974,G,KIM,,87
1974,G,TANYA,,88
1974,G,PATRICIA,,89
1974,G,BEVERLEY,,90
1974,G,LEANNE,,91
1974,G,DENISE,,92
1974,G,TARA,,93
1974,G,CLAIR,,94
1974,G,SONIA,,95
1974,G,DEBBIE,,96
1974,G,LESLEY,,97
1974,G,ANITA,,98
1974,G,LINDSEY,,99
1974,G,DEBRA,,100
1984,B,CHRISTOPHER,,1
1984,B,JAMES,,2
1984,B,DAVID,,3
1984,B,DANIEL,,4
1984,B,MICHAEL,,5
1984,B,MATTHEW,,6
1984,B,ANDREW,,7
1984,B,RICHARD,,8
1984,B,PAUL,,9
1984,B,MARK,,10
1984,B,THOMAS,,11
1984,B,ADAM,,12
1984,B,ROBERT,,13
1984,B,JOHN,,14
1984,B,LEE,,15
1984,B,BENJAMIN,,16
1984,B,STEVEN,,17
1984,B,JONATHAN,,18
1984,B,CRAIG,,19
1984,B,STEPHEN,,20
1984,B,SIMON,,21
1984,B,NICHOLAS,,22
1984,B,PETER,,23
1984,B,ANTHONY,,24
1984,B,ALEXANDER,,25
1984,B,GARY,,26
1984,B,IAN,,27
1984,B,RYAN,,28
1984,B,LUKE,,29
1984,B,JAMIE,,30
1984,B,STUART,,31
1984,B,PHILIP,,32
1984,B,DARREN,,33
1984,B,WILLIAM,,34
1984,B,GARETH,,35
1984,B,MARTIN,,36
1984,B,KEVIN,,37
1984,B,SCOTT,,38
1984,B,DEAN,,39
1984,B,JOSEPH,,40
1984,B,JASON,,41
1984,B,NEIL,,42
1984,B,SAMUEL,,43
1984,B,CARL,,44
1984,B,BEN,,45
1984,B,SEAN,,46
1984,B,TIMOTHY,,47
1984,B,OLIVER,,48
1984,B,ASHLEY,,49
1984,B,WAYNE,,50
1984,B,EDWARD,,51
1984,B,SHAUN,,52
1984,B,AARON,,53
1984,B,MOHAMMED,,54
1984,B,GAVIN,,55
1984,B,LIAM,,56
1984,B,NATHAN,,57
1984,B,ALAN,,58
1984,B,GRAHAM,,59
1984,B,ROSS,,60
1984,B,KARL,,61
1984,B,MARC,,62
1984,B,ADRIAN,,63
1984,B,PHILLIP,,64
1984,B,PATRICK,,65
1984,B,LEWIS,,66
1984,B,COLIN,,67
1984,B,RUSSELL,,68
1984,B,CHARLES,,69
1984,B,SHANE,,70
1984,B,GEORGE,,71
1984,B,SAM,,72
1984,B,MATHEW,,73
1984,B,JACK,,74
1984,B,RICKY,,75
1984,B,DALE,,76
1984,B,TONY,,77
1984,B,JOSHUA,,78
1984,B,ALEX,,79
1984,B,DOMINIC,,80
1984,B,BARRY,,81
1984,B,LEON,,82
1984,B,MOHAMMAD,,83
1984,B,TERRY,,84
1984,B,GREGORY,,85
1984,B,DANNY,,86
1984,B,BRIAN,,87
1984,B,KEITH,,88
1984,B,ANTONY,,89
1984,B,KIERAN,,90
1984,B,JUSTIN,,91
1984,B,BRADLEY,,92
1984,B,JORDAN,,93
1984,B,MARTYN,,94
1984,B,LEIGH,,95
1984,B,ABDUL,,96
1984,B,DAMIEN,,97
1984,B,STEWART,,98
1984,B,ROBIN,,99
1984,B,IAIN,,100
1984,G,SARAH,,1
1984,G,LAURA,,2
1984,G,GEMMA,,3
1984,G,EMMA,,4
1984,G,REBECCA,,5
1984,G,CLAIRE,,6
1984,G,VICTORIA,,7
1984,G,SAMANTHA,,8
1984,G,RACHEL,,9
1984,G,AMY,,10
1984,G,JENNIFER,,11
1984,G,NICOLA,,12
1984,G,KATIE,,13
1984,G,LISA,,14
1984,G,KELLY,,15
1984,G,NATALIE,,16
1984,G,LOUISE,,17
1984,G,MICHELLE,,18
1984,G,HAYLEY,,19
1984,G,HANNAH,,20
1984,G,HELEN,,21
1984,G,CHARLOTTE,,22
1984,G,JOANNE,,23
1984,G,LUCY,,24
1984,G,ELIZABETH,,25
1984,G,LEANNE,,26
1984,G,DANIELLE,,27
1984,G,DONNA,,28
1984,G,KATHERINE,,29
1984,G,CLARE,,30
1984,G,STEPHANIE,,31
1984,G,STACEY,,32
1984,G,LAUREN,,33
1984,G,JOANNA,,34
1984,G,KERRY,,35
1984,G,EMILY,,36
1984,G,CATHERINE,,37
1984,G,SOPHIE,,38
1984,G,ANNA,,39
1984,G,JESSICA,,40
1984,G,ZOE,,41
1984,G,KIRSTY,,42
1984,G,KIMBERLEY,,43
1984,G,KATE,,44
1984,G,JENNA,,45
1984,G,CAROLINE,,46
1984,G,NATASHA,,47
1984,G,RACHAEL,,48
1984,G,AMANDA,,49
1984,G,KATHRYN,,50
1984,G,KAREN,,51
1984,G,ALEXANDRA,,52
1984,G,JODIE,,53
1984,G,ALISON,,54
1984,G,SARA,,55
1984,G,JEMMA,,56
1984,G,CARLY,,57
1984,G,HEATHER,,58
1984,G,HOLLY,,59
1984,G,RUTH,,60
1984,G,FIONA,,61
1984,G,MELISSA,,62
1984,G,ANGELA,,63
1984,G,SUZANNE,,64
1984,G,KATY,,65
1984,G,MARIE,,66
1984,G,NAOMI,,67
1984,G,CHERYL,,68
1984,G,MELANIE,,69
1984,G,SALLY,,70
1984,G,JULIE,,71
1984,G,CHARLENE,,72
1984,G,JADE,,73
1984,G,SIAN,,74
1984,G,TRACEY,,75
1984,G,ELEANOR,,76
1984,G,DEBORAH,,77
1984,G,MARIA,,78
1984,G,LINDSEY,,79
1984,G,ABIGAIL,,80
1984,G,LINDSAY,,81
1984,G,SUSAN,,82
1984,G,ALICE,,83
1984,G,GEORGINA,,84
1984,G,AIMEE,,85
1984,G,JANE,,86
1984,G,KIM,,87
1984,G,CARLA,,88
1984,G,CHRISTINE,,89
1984,G,DAWN,,90
1984,G,TANYA,,91
1984,G,JENNY,,92
1984,G,ANDREA,,93
1984,G,LYNDSEY,,94
1984,G,JACQUELINE,,95
1984,G,LYNSEY,,96
1984,G,CHLOE,,97
1984,G,MARY,,98
1984,G,LEAH,,99
1984,G,TONI,,100
1994,B,THOMAS,,1
1994,B,JAMES,,2
1994,B,JACK,,3
1994,B,DANIEL,,4
1994,B,MATTHEW,,5
1994,B,RYAN,,6
1994,B,JOSHUA,,7
1994,B,LUKE,,8
1994,B,SAMUEL,,9
1994,B,JORDAN,,10
1994,B,ADAM,,11
1994,B,MICHAEL,,12
1994,B,ALEXANDER,,13
1994,B,CHRISTOPHER,,14
1994,B,BENJAMIN,,15
1994,B,JOSEPH,,16
1994,B,LIAM,,17
1994,B,JAKE,,18
1994,B,WILLIAM,,19
1994,B,ANDREW,,20
1994,B,GEORGE,,21
1994,B,LEWIS,,22
1994,B,OLIVER,,23
1994,B,DAVID,,24
1994,B,ROBERT,,25
1994,B,JAMIE,,26
1994,B,NATHAN,,27
1994,B,CONNOR,,28
1994,B,JONATHAN,,29
1994,B,HARRY,,30
1994,B,CALLUM,,31
1994,B,AARON,,32
1994,B,ASHLEY,,33
1994,B,BRADLEY,,34
1994,B,JACOB,,35
1994,B,KIERAN,,36
1994,B,SCOTT,,37
1994,B,SAM,,38
1994,B,JOHN,,39
1994,B,BEN,,40
1994,B,MOHAMMED,,41
1994,B,NICHOLAS,,42
1994,B,KYLE,,43
1994,B,CHARLES,,44
1994,B,MARK,,45
1994,B,SEAN,,46
1994,B,EDWARD,,47
1994,B,STEPHEN,,48
1994,B,RICHARD,,49
1994,B,ALEX,,50
1994,B,PETER,,51
1994,B,DOMINIC,,52
1994,B,JOE,,53
1994,B,REECE,,54
1994,B,LEE,,55
1994,B,RHYS,,56
1994,B,STEVEN,,57
1994,B,ANTHONY,,58
1994,B,CHARLIE,,59
1994,B,PAUL,,60
1994,B,CRAIG,,61
1994,B,JASON,,62
1994,B,DALE,,63
1994,B,ROSS,,64
1994,B,CAMERON,,65
1994,B,LOUIS,,66
1994,B,DEAN,,67
1994,B,CONOR,,68
1994,B,SHANE,,69
1994,B,ELLIOT,,70
1994,B,PATRICK,,71
1994,B,MAX,,72
1994,B,SHAUN,,73
1994,B,HENRY,,74
1994,B,SIMON,,75
1994,B,TIMOTHY,,76
1994,B,MITCHELL,,77
1994,B,BILLY,,78
1994,B,PHILIP,,79
1994,B,JOEL,,80
1994,B,JOSH,,81
1994,B,MARCUS,,82
1994,B,DYLAN,,83
1994,B,CARL,,84
1994,B,ELLIOTT,,85
1994,B,BRANDON,,86
1994,B,MARTIN,,87
1994,B,TOBY,,88
1994,B,STUART,,89
1994,B,GARETH,,90
1994,B,DANNY,,91
1994,B,CHRISTIAN,,92
1994,B,TOM,,93
1994,B,DECLAN,,94
1994,B,KARL,,95
1994,B,MOHAMMAD,,96
1994,B,MATHEW,,97
1994,B,JAY,,98
1994,B,OWEN,,99
1994,B,DARREN,,100
1994,G,REBECCA,,1
1994,G,LAUREN,,2
1994,G,JESSICA,,3
1994,G,CHARLOTTE,,4
1994,G,HANNAH,,5
1994,G,SOPHIE,,6
1994,G,AMY,,7
1994,G,EMILY,,8
1994,G,LAURA,,9
1994,G,EMMA,,10
1994,G,CHLOE,,11
1994,G,SARAH,,12
1994,G,LUCY,,13
1994,G,KATIE,,14
1994,G,BETHANY,,15
1994,G,JADE,,16
1994,G,MEGAN,,17
1994,G,ALICE,,18
1994,G,RACHEL,,19
1994,G,SAMANTHA,,20
1994,G,DANIELLE,,21
1994,G,HOLLY,,22
1994,G,ABIGAIL,,23
1994,G,OLIVIA,,24
1994,G,STEPHANIE,,25
1994,G,ELIZABETH,,26
1994,G,VICTORIA,,27
1994,G,NATASHA,,28
1994,G,GEORGIA,,29
1994,G,ZOE,,30
1994,G,NATALIE,,31
1994,G,ELEANOR,,32
1994,G,SHANNON,,33
1994,G,PAIGE,,34
1994,G,GEORGINA,,35
1994,G,GEMMA,,36
1994,G,NICOLE,,37
1994,G,CHELSEA,,38
1994,G,KIRSTY,,39
1994,G,ALEXANDRA,,40
1994,G,MELISSA,,41
1994,G,JENNIFER,,42
1994,G,HAYLEY,,43
1994,G,LOUISE,,44
1994,G,KATHERINE,,45
1994,G,JODIE,,46
1994,G,GRACE,,47
1994,G,ANNA,,48
1994,G,MOLLY,,49
1994,G,AMBER,,50
1994,G,JASMINE,,51
1994,G,KAYLEIGH,,52
1994,G,KELLY,,53
1994,G,HARRIET,,54
1994,G,ASHLEIGH,,55
1994,G,CATHERINE,,56
1994,G,LEAH,,57
1994,G,NICOLA,,58
1994,G,FRANCESCA,,59
1994,G,NAOMI,,60
1994,G,KATE,,61
1994,G,ABBIE,,62
1994,G,CLAIRE,,63
1994,G,LEANNE,,64
1994,G,RACHAEL,,65
1994,G,ROSIE,,66
1994,G,AIMEE,,67
1994,G,ELLIE,,68
1994,G,SIAN,,69
1994,G,KIMBERLEY,,70
1994,G,LYDIA,,71
1994,G,HOLLIE,,72
1994,G,STACEY,,73
1994,G,BETHAN,,74
1994,G,AMELIA,,75
1994,G,BETH,,76
1994,G,KATHRYN,,77
1994,G,HEATHER,,78
1994,G,LISA,,79
1994,G,HELEN,,80
1994,G,ELLA,,81
1994,G,ROBYN,,82
1994,G,CHANTELLE,,83
1994,G,ELLEN,,84
1994,G,DAISY,,85
1994,G,DEMI,,86
1994,G,COURTNEY,,87
1994,G,GABRIELLE,,88
1994,G,YASMIN,,89
1994,G,LILY,,90
1994,G,RHIANNON,,91
1994,G,MARIA,,92
1994,G,KERRY,,93
1994,G,IMOGEN,,94
1994,G,REBEKAH,,95
1994,G,JORDAN,,96
1994,G,JOANNA,,97
1994,G,CAITLIN,,98
1994,G,JEMMA,,99
1994,G,TONI,,100
